project_id,project_name,department,status,start_date,end_date,budget,actual_cost,project_manager_id,priority,region,budget_variance,is_over_budget,duration_days,budget_utilisation_pct,status_category,risk_level
PRJ0001,MLOps Platform,Sustainability,Completed,2023-06-13,2023-12-01,1200000.0,907809.0,EMP0126,Medium,Dubai,-292191.0,False,171.0,75.65075,Closed,Low
PRJ0002,Tax Automation Platform - Q2,Marketing,In Progress,2025-02-28,,800000.0,795986.0,EMP0045,Medium,Abu Dhabi,-4014.0,False,,99.49825,Active,Medium
PRJ0003,ERP Consolidation Phase 2,Legal,Completed,2023-11-21,2024-12-16,80000.0,56981.0,EMP0405,Medium,Dubai,-23019.0,False,391.0,71.22625000000001,Closed,Low
PRJ0004,Employee Wellness App - Q1,Marketing,Completed,2024-06-09,2025-08-17,800000.0,707314.0,EMP0270,Medium,Abu Dhabi,-92686.0,False,434.0,88.41425000000001,Closed,Low
PRJ0005,Mobile Workforce App - Q4,Finance,In Progress,2023-04-25,,2000000.0,1329426.0,EMP0478,High,Ras Al Khaimah,-670574.0,False,,66.4713,Active,Medium
PRJ0006,Risk Assessment Framework Phase 2,Sustainability,In Progress,2023-09-08,,2000000.0,1438154.0,EMP0656,High,Abu Dhabi,-561846.0,False,,71.90769999999999,Active,Medium
PRJ0007,Mobile Workforce App,Finance,Completed,2022-10-17,2024-01-30,500000.0,437614.0,EMP0188,Medium,Dubai,-62386.0,False,470.0,87.5228,Closed,Low
PRJ0008,Regulatory Compliance Tool Phase 3,Finance,In Progress,2023-04-29,,200000.0,172385.0,EMP0852,Medium,Dubai,-27615.0,False,,86.19250000000001,Active,Low
PRJ0009,IoT Sensor Network,Digital,In Progress,2022-07-24,,1200000.0,1115876.0,EMP0443,High,Sharjah,-84124.0,False,,92.98966666666666,Active,Medium
PRJ0010,Energy Optimisation Platform - Q4,Procurement,In Progress,2022-07-16,,800000.0,541681.0,EMP0909,Critical,Abu Dhabi,-258319.0,False,,67.710125,Active,High
PRJ0011,Identity Management Upgrade - Q3,Marketing,Completed,2022-05-27,2023-01-19,1200000.0,1202311.0,EMP0682,Low,Sharjah,2311.0,True,237.0,100.19258333333336,Closed,High
PRJ0012,Employee Wellness App Phase 3,HR,In Progress,2022-01-04,,800000.0,919001.0,EMP0771,Medium,Dubai,119001.0,True,,114.87512499999998,Active,High
PRJ0013,HR System Upgrade Phase 3,Legal,In Progress,2024-02-26,,120000.0,102651.0,EMP0320,Medium,Dubai,-17349.0,False,,85.5425,Active,Low
PRJ0014,Tax Automation Platform Phase 3,Legal,In Progress,2024-03-26,,2000000.0,2201078.0,EMP0539,High,Abu Dhabi,201078.0,True,,110.0539,Active,High
PRJ0015,Recommendation System - Q1,Engineering,In Progress,2022-09-21,,2000000.0,1660788.0,EMP0517,Low,Dubai,-339212.0,False,,83.0394,Active,Low
PRJ0016,Energy Optimisation Platform - Q4,Engineering,In Progress,2023-06-14,,80000.0,76974.0,EMP0948,Critical,Dubai,-3026.0,False,,96.2175,Active,High
PRJ0017,IoT Sensor Network Phase 3,Sustainability,On Hold,,,150000.0,59133.0,EMP0616,High,Sharjah,-90867.0,False,,39.422,Pending,Medium
PRJ0018,Internal Audit Digitisation,HR,On Hold,2023-09-22,,150000.0,38170.0,EMP0727,High,Dubai,-111830.0,False,,25.44666666666667,Pending,Medium
PRJ0019,Supply Chain Automation Phase 3,Engineering,In Progress,2024-09-29,,1200000.0,984314.0,EMP0702,High,Abu Dhabi,-215686.0,False,,82.02616666666667,Active,Medium
PRJ0020,Mobile Workforce App,Sustainability,In Progress,2023-08-24,,500000.0,425118.0,EMP0509,Medium,Dubai,-74882.0,False,,85.0236,Active,Low
PRJ0021,Disaster Recovery Setup Phase 3,Procurement,In Progress,2024-03-22,,200000.0,141028.0,EMP0619,Low,Dubai,-58972.0,False,,70.514,Active,Low
PRJ0022,Smart Building System - Q4,Finance,In Progress,2024-07-27,,200000.0,230253.0,EMP0991,Critical,Dubai,30253.0,True,,115.1265,Active,High
PRJ0023,Workflow Automation,Data Science,In Progress,2022-03-20,,120000.0,115873.0,EMP0852,High,Sharjah,-4127.0,False,,96.56083333333332,Active,Medium
PRJ0024,Vendor Portal Phase 3,Sales,Completed,2024-05-15,2025-02-04,50000.0,35517.0,EMP0884,Medium,Dubai,-14483.0,False,265.0,71.03399999999999,Closed,Low
PRJ0025,Internal Audit Digitisation,Operations,Completed,2023-09-13,2024-09-22,2000000.0,1846989.0,EMP0939,Medium,Dubai,-153011.0,False,375.0,92.34945,Closed,Medium
PRJ0026,Asset Tracking System Phase 2,Legal,In Progress,2023-01-16,,350000.0,315328.0,EMP0058,High,Sharjah,-34672.0,False,,90.09371428571428,Active,Medium
PRJ0027,Resource Scheduling Tool Phase 3,Engineering,Completed,2022-02-08,2023-05-14,800000.0,795462.0,EMP0309,Medium,Dubai,-4538.0,False,460.0,99.43275,Closed,Medium
PRJ0028,Smart Building System,Operations,In Progress,2023-10-27,,200000.0,127646.0,EMP0327,High,Dubai,-72354.0,False,,63.82299999999999,Active,Medium
PRJ0029,Citizen Services Portal Phase 3,Sustainability,Completed,2025-02-16,2025-04-23,500000.0,402178.0,EMP0394,High,Abu Dhabi,-97822.0,False,66.0,80.4356,Closed,Medium
PRJ0030,Visual Analytics Suite Phase 2,Sustainability,Completed,2024-03-09,2024-09-15,800000.0,495487.0,EMP0661,Critical,Dubai,-304513.0,False,190.0,61.935875,Closed,High
PRJ0031,MLOps Platform,Operations,Completed,2024-12-20,2025-08-26,350000.0,271282.0,EMP0361,Medium,Dubai,-78718.0,False,249.0,77.50914285714285,Closed,Low
PRJ0032,Executive Dashboard Phase 3,Marketing,Completed,2022-02-17,2023-05-07,350000.0,326852.0,EMP0570,Critical,Abu Dhabi,-23148.0,False,444.0,93.3862857142857,Closed,High
PRJ0033,Data Lake Implementation - Q2,Marketing,On Hold,,,600000.0,99294.0,EMP0120,High,Abu Dhabi,-500706.0,False,,16.549,Pending,Medium
PRJ0034,Cloud Migration Phase 1 - Q4,HR,Completed,2024-05-06,2025-10-09,350000.0,277074.0,EMP0408,High,Dubai,-72926.0,False,521.0,79.164,Closed,Medium
PRJ0035,Resource Scheduling Tool - Q3,Operations,Not Started,,,200000.0,0.0,EMP0326,High,Abu Dhabi,-200000.0,False,,0.0,Pending,Medium
PRJ0036,Employee Wellness App Phase 3,Engineering,Completed,2023-11-16,2025-02-08,1200000.0,1192457.0,EMP0814,Critical,Abu Dhabi,-7543.0,False,450.0,99.37141666666666,Closed,High
PRJ0037,Predictive Healthcare - Q4,Legal,In Progress,2022-03-01,,200000.0,136628.0,EMP0732,Medium,Abu Dhabi,-63372.0,False,,68.314,Active,Low
PRJ0038,Workflow Automation,HR,Completed,2022-12-07,2023-11-23,1200000.0,1212741.0,EMP0418,Low,Dubai,12741.0,True,351.0,101.06175,Closed,High
PRJ0039,Predictive Healthcare Phase 2,IT,Completed,2023-05-06,2023-10-02,1200000.0,1394741.0,EMP0222,Medium,Abu Dhabi,194741.0,True,149.0,116.22841666666666,Closed,High
PRJ0040,Data Platform Modernisation - Q2,Digital,In Progress,2024-06-27,,200000.0,215610.0,EMP0536,Medium,Abu Dhabi,15610.0,True,,107.805,Active,High
PRJ0041,Disaster Recovery Setup Phase 2,Operations,Completed,2022-05-24,2022-07-26,50000.0,50460.0,EMP0457,Critical,Ajman,460.0,True,63.0,100.92000000000002,Closed,High
PRJ0042,Vendor Portal - Q1,Finance,Not Started,,,500000.0,0.0,EMP0925,High,Ajman,-500000.0,False,,0.0,Pending,Medium
PRJ0043,Sentiment Analysis Engine - Q1,Digital,Not Started,,,0.0,0.0,EMP0965,Medium,Dubai,0.0,False,,,Pending,Low
PRJ0044,IoT Sensor Network Phase 3,Legal,Completed,2024-11-13,2025-11-30,1200000.0,1028583.0,EMP0134,Low,Dubai,-171417.0,False,382.0,85.71525,Closed,Low
PRJ0045,Geo-spatial Intelligence Phase 2,HR,Completed,2023-11-27,2024-04-07,200000.0,215466.0,EMP0232,Medium,Abu Dhabi,15466.0,True,132.0,107.733,Closed,High
PRJ0046,Quality Assurance Automation - Q1,Procurement,Completed,2023-05-17,2024-08-06,350000.0,281913.0,EMP0817,Medium,Dubai,-68087.0,False,447.0,80.54657142857144,Closed,Low
PRJ0047,Quality Assurance Automation Phase 3,Marketing,In Progress,2022-10-14,,120000.0,109568.0,EMP0039,Medium,Abu Dhabi,-10432.0,False,,91.30666666666669,Active,Medium
PRJ0048,Asset Tracking System Phase 3,Procurement,In Progress,2023-09-17,,1200000.0,1233416.0,EMP0806,Medium,Dubai,33416.0,True,,102.78466666666664,Active,High
PRJ0049,Quality Assurance Automation Phase 2,Marketing,In Progress,2024-02-26,,350000.0,343720.0,EMP0041,Critical,Dubai,-6280.0,False,,98.20571428571428,Active,High
PRJ0050,Executive Dashboard Phase 3,HR,Completed,2024-11-24,2025-08-18,1200000.0,1165291.0,EMP0192,Critical,Dubai,-34709.0,False,267.0,97.10758333333334,Closed,High
PRJ0051,API Gateway Modernisation Phase 3 #51,Legal,Not Started,,,100000.0,0.0,EMP0608,Medium,Dubai,-100000.0,False,,0.0,Pending,Low
PRJ0052,Vendor Portal #52,HR,In Progress,2023-02-27,,200000.0,138010.0,EMP0719,High,Dubai,-61990.0,False,,69.00500000000001,Active,Medium
PRJ0053,Predictive Healthcare Phase 3 #53,Digital,Completed,2022-01-25,2023-05-30,2000000.0,2277761.0,EMP0877,Medium,Dubai,277761.0,True,490.0,113.88805,Closed,High
PRJ0054,Risk Assessment Framework Phase 3 #54,Sustainability,In Progress,2025-02-07,,2000000.0,2215926.0,EMP0630,Critical,Ras Al Khaimah,215926.0,True,,110.7963,Active,High
PRJ0055,Supply Chain Automation Phase 2 #55,Operations,In Progress,2023-01-10,,200000.0,147400.0,EMP0848,Medium,Abu Dhabi,-52600.0,False,,73.7,Active,Low
PRJ0056,Disaster Recovery Setup Phase 3 #56,Data Science,Completed,2022-05-11,2023-10-16,120000.0,109624.0,EMP0067,Medium,Abu Dhabi,-10376.0,False,523.0,91.35333333333332,Closed,Medium
PRJ0057,Geo-spatial Intelligence - Q4 #57,Data Science,Completed,2022-04-15,2022-11-24,80000.0,57428.0,EMP0126,Medium,Dubai,-22572.0,False,223.0,71.785,Closed,Low
PRJ0058,AI Forecasting Engine - Q2 #58,Finance,Completed,2024-05-30,2025-10-12,80000.0,82559.0,EMP0502,High,Abu Dhabi,2559.0,True,500.0,103.19875,Closed,High
PRJ0059,Smart Building System #59,Finance,Completed,2023-07-09,2024-05-16,120000.0,95662.0,EMP0564,Medium,Ras Al Khaimah,-24338.0,False,312.0,79.71833333333333,Closed,Low
PRJ0060,Customer Feedback Platform Phase 2 #60,HR,In Progress,2025-02-23,,2000000.0,1570564.0,EMP0499,Low,Dubai,-429436.0,False,,78.5282,Active,Low
PRJ0061,Employee Wellness App #61,HR,Not Started,,,200000.0,0.0,EMP0185,Medium,Dubai,-200000.0,False,,0.0,Pending,Low
PRJ0062,Resource Scheduling Tool #62,Digital,In Progress,2025-01-08,,120000.0,85938.0,EMP0119,High,Abu Dhabi,-34062.0,False,,71.615,Active,Medium
PRJ0063,Real-time Analytics Engine Phase 3 #63,Sustainability,Completed,2023-09-07,2025-02-22,200000.0,188521.0,EMP0175,Medium,Abu Dhabi,-11479.0,False,534.0,94.2605,Closed,Medium
PRJ0064,Risk Assessment Framework Phase 2 #64,Marketing,Completed,2023-10-29,2024-09-17,1200000.0,1190513.0,EMP0933,Medium,Dubai,-9487.0,False,324.0,99.20941666666668,Closed,Medium
PRJ0065,Predictive Maintenance - Q3 #65,Finance,Completed,2023-09-20,2024-05-07,500000.0,548769.0,EMP0361,Medium,Abu Dhabi,48769.0,True,230.0,109.75379999999998,Closed,High
PRJ0066,Risk Assessment Framework #66,Legal,In Progress,2024-04-17,,500000.0,493737.0,EMP0149,Critical,Dubai,-6263.0,False,,98.7474,Active,High
PRJ0067,Data Platform Modernisation Phase 2 #67,Sales,Completed,2023-08-27,2024-12-25,500000.0,307103.0,EMP0478,High,Abu Dhabi,-192897.0,False,486.0,61.4206,Closed,Medium
PRJ0068,MLOps Platform Phase 2 #68,Marketing,Completed,2023-07-16,2023-11-07,80000.0,59670.0,EMP0375,High,Sharjah,-20330.0,False,114.0,74.58749999999999,Closed,Medium
PRJ0069,API Gateway Modernisation #69,Sales,Completed,2024-09-24,2025-03-30,350000.0,417255.0,EMP0682,Medium,Abu Dhabi,67255.0,True,187.0,119.21571428571428,Closed,High
PRJ0070,Smart Building System Phase 3 #70,Sustainability,Completed,2023-08-06,2023-11-30,1200000.0,816685.0,EMP0888,Low,Ras Al Khaimah,-383315.0,False,116.0,68.05708333333334,Closed,Low
PRJ0071,Recommendation System Phase 2 #71,IT,Completed,2023-02-14,2024-01-27,80000.0,69036.0,EMP0377,High,Dubai,-10964.0,False,347.0,86.295,Closed,Medium
PRJ0072,Knowledge Management Portal #72,IT,Completed,2022-05-20,2023-10-07,500000.0,587160.0,EMP0406,Critical,Abu Dhabi,87160.0,True,505.0,117.432,Closed,High
PRJ0073,Fleet Management System Phase 3 #73,Digital,In Progress,2024-01-12,,500000.0,359695.0,EMP0832,Medium,Dubai,-140305.0,False,,71.939,Active,Low
PRJ0074,Data Platform Modernisation #74,Sales,Completed,2024-03-22,2025-07-07,1200000.0,1294629.0,EMP0989,Medium,Sharjah,94629.0,True,472.0,107.88575,Closed,High
PRJ0075,Real-time Analytics Engine #75,Marketing,Completed,2022-03-07,2023-01-19,500000.0,537041.0,EMP0570,Medium,Abu Dhabi,37041.0,True,318.0,107.4082,Closed,High
PRJ0076,Customer Portal Redesign #76,Sustainability,Completed,2024-12-25,2025-05-15,2000000.0,2215559.0,EMP0099,High,Dubai,215559.0,True,141.0,110.77795,Closed,High
PRJ0077,Predictive Healthcare #77,Sales,Completed,2023-07-22,2024-05-15,1200000.0,1360336.0,EMP0873,Medium,Abu Dhabi,160336.0,True,298.0,113.36133333333332,Closed,High
PRJ0078,Employee Wellness App - Q3 #78,Sustainability,Completed,2024-06-04,2025-11-01,50000.0,42043.0,EMP0331,Low,Dubai,-7957.0,False,515.0,84.086,Closed,Low
PRJ0079,Data Platform Modernisation Phase 2 #79,HR,Completed,2023-06-15,2024-10-25,200000.0,190125.0,EMP0916,Medium,Dubai,-9875.0,False,498.0,95.0625,Closed,Medium
PRJ0080,Energy Optimisation Platform Phase 3 #80,Procurement,Not Started,,,0.0,0.0,EMP0921,Low,Abu Dhabi,0.0,False,,,Pending,Low
PRJ0081,AI Forecasting Engine #81,IT,Completed,2022-05-22,2023-01-04,500000.0,578539.0,EMP0787,Medium,Abu Dhabi,78539.0,True,227.0,115.7078,Closed,High
PRJ0082,Performance Analytics Phase 2 #82,Operations,Completed,2022-02-25,2022-07-05,1200000.0,808639.0,EMP0424,Low,Sharjah,-391361.0,False,130.0,67.38658333333333,Closed,Low
PRJ0083,Visual Analytics Suite - Q2 #83,Engineering,Completed,2024-03-28,2024-09-05,200000.0,212518.0,EMP0688,High,Abu Dhabi,12518.0,True,161.0,106.259,Closed,High
PRJ0084,Employee Wellness App Phase 2 #84,Operations,In Progress,2024-09-28,,500000.0,524904.0,EMP0363,Medium,Abu Dhabi,24904.0,True,,104.9808,Active,High
PRJ0085,Internal Audit Digitisation - Q3 #85,Finance,Completed,2024-07-24,2024-09-30,50000.0,41400.0,EMP0468,Medium,Sharjah,-8600.0,False,68.0,82.8,Closed,Low
PRJ0086,ERP Consolidation Phase 3 #86,Data Science,Completed,2023-09-08,2024-03-03,80000.0,79220.0,EMP0962,Medium,Dubai,-780.0,False,177.0,99.025,Closed,Medium
PRJ0087,Carbon Footprint Tracker #87,IT,Not Started,,,0.0,0.0,EMP0016,Low,Abu Dhabi,0.0,False,,,Pending,Low
PRJ0088,Quality Assurance Automation #88,Engineering,Completed,2023-03-06,2024-07-21,350000.0,288057.0,EMP0464,High,Abu Dhabi,-61943.0,False,503.0,82.30199999999999,Closed,Medium
PRJ0089,Employee Wellness App Phase 2 #89,HR,Not Started,,,0.0,0.0,EMP0185,Low,Abu Dhabi,0.0,False,,,Pending,Low
PRJ0090,Risk Assessment Framework Phase 3 #90,Marketing,In Progress,2022-02-22,,500000.0,308549.0,EMP0545,Low,Sharjah,-191451.0,False,,61.7098,Active,Low
PRJ0091,Contract Lifecycle Management - Q1 #91,Marketing,Completed,2022-12-14,2023-05-03,80000.0,48717.0,EMP0249,Low,Ajman,-31283.0,False,140.0,60.89625,Closed,Low
PRJ0092,Network Security Overhaul - Q4 #92,Legal,Not Started,,,100000.0,0.0,EMP0707,High,Abu Dhabi,-100000.0,False,,0.0,Pending,Medium
PRJ0093,Tax Automation Platform Phase 3 #93,IT,In Progress,2025-01-10,,500000.0,587071.0,EMP0801,High,Dubai,87071.0,True,,117.4142,Active,High
PRJ0094,Visual Analytics Suite Phase 2 #94,Operations,Completed,2022-10-20,2023-04-13,80000.0,83672.0,EMP0848,Medium,Sharjah,3672.0,True,175.0,104.59,Closed,High
PRJ0095,AI Forecasting Engine Phase 2 #95,Finance,In Progress,2023-09-09,,500000.0,513138.0,EMP0536,High,Dubai,13138.0,True,,102.6276,Active,High
PRJ0096,Workflow Automation Phase 2 #96,HR,Completed,2022-10-25,2023-10-16,50000.0,52438.0,EMP0946,Medium,Abu Dhabi,2438.0,True,356.0,104.876,Closed,High
PRJ0097,Regulatory Compliance Tool #97,IT,Completed,2023-05-03,2023-09-22,800000.0,634815.0,EMP0661,Medium,Sharjah,-165185.0,False,142.0,79.351875,Closed,Low
PRJ0098,Regulatory Compliance Tool - Q4 #98,Operations,Completed,2023-06-23,2024-05-27,1200000.0,804829.0,EMP0316,High,Dubai,-395171.0,False,339.0,67.06908333333334,Closed,Medium
PRJ0099,Mobile Workforce App Phase 2 #99,Finance,In Progress,2024-09-25,,2000000.0,1747579.0,EMP0109,High,Abu Dhabi,-252421.0,False,,87.37895,Active,Medium
PRJ0100,Compliance Monitoring #100,HR,Completed,2022-02-22,2023-01-26,120000.0,78810.0,EMP0529,High,Abu Dhabi,-41190.0,False,338.0,65.675,Closed,Medium
PRJ0101,Sentiment Analysis Engine Phase 2 #101,HR,In Progress,2024-06-12,,2000000.0,2381174.0,EMP0092,Critical,Ras Al Khaimah,381174.0,True,,119.0587,Active,High
PRJ0102,Employee Wellness App Phase 2 #102,IT,Not Started,,,0.0,0.0,EMP0028,Medium,Dubai,0.0,False,,,Pending,Low
PRJ0103,Compliance Monitoring #103,Sustainability,Completed,2023-04-17,2024-06-05,2000000.0,1400104.0,EMP0181,Low,Abu Dhabi,-599896.0,False,415.0,70.0052,Closed,Low
PRJ0104,Smart Building System Phase 2 #104,Sustainability,On Hold,2023-07-27,,300000.0,34402.0,EMP0449,Medium,Sharjah,-265598.0,False,,11.467333333333334,Pending,Low
PRJ0105,Contract Lifecycle Management - Q4 #105,HR,In Progress,2023-09-07,,50000.0,32246.0,EMP0835,High,Abu Dhabi,-17754.0,False,,64.492,Active,Medium
PRJ0106,Recommendation System #106,Legal,In Progress,2024-09-11,,120000.0,127050.0,EMP0953,Critical,Ras Al Khaimah,7050.0,True,,105.875,Active,High
PRJ0107,Risk Assessment Framework - Q2 #107,Legal,Completed,2023-05-25,2024-09-23,500000.0,321159.0,EMP0311,Low,Abu Dhabi,-178841.0,False,487.0,64.23179999999999,Closed,Low
PRJ0108,Recommendation System Phase 2 #108,Digital,In Progress,2023-07-19,,500000.0,303230.0,EMP0128,Medium,Dubai,-196770.0,False,,60.646,Active,Low
PRJ0109,IoT Sensor Network Phase 2 #109,Sales,Completed,2022-09-13,2023-08-16,1200000.0,830647.0,EMP0891,Critical,Abu Dhabi,-369353.0,False,337.0,69.22058333333332,Closed,High
PRJ0110,Carbon Footprint Tracker - Q1 #110,Finance,In Progress,2024-08-13,,800000.0,760789.0,EMP0837,High,Dubai,-39211.0,False,,95.098625,Active,Medium
PRJ0111,Geo-spatial Intelligence Phase 2 #111,Sustainability,In Progress,2024-01-13,,200000.0,224323.0,EMP0799,Medium,Dubai,24323.0,True,,112.1615,Active,High
PRJ0112,Performance Analytics #112,Sales,In Progress,2023-07-28,,350000.0,399993.0,EMP0761,Medium,Abu Dhabi,49993.0,True,,114.28371428571428,Active,High
PRJ0113,Knowledge Management Portal #113,Engineering,In Progress,2024-09-21,,200000.0,190294.0,EMP0248,High,Dubai,-9706.0,False,,95.147,Active,Medium
PRJ0114,AI Forecasting Engine - Q4 #114,Marketing,Completed,2024-02-23,2024-05-14,80000.0,76336.0,EMP0939,High,Abu Dhabi,-3664.0,False,81.0,95.42,Closed,Medium
PRJ0115,AI Forecasting Engine Phase 2 #115,HR,Completed,2024-05-13,2025-09-02,800000.0,824778.0,EMP0051,Medium,Dubai,24778.0,True,477.0,103.09725,Closed,High
PRJ0116,Citizen Services Portal - Q1 #116,Sales,Completed,2024-06-03,2025-07-10,50000.0,36481.0,EMP0201,Low,Sharjah,-13519.0,False,402.0,72.962,Closed,Low
PRJ0117,AI Forecasting Engine - Q3 #117,Engineering,Completed,2023-06-04,2024-02-02,500000.0,405713.0,EMP0277,Medium,Dubai,-94287.0,False,243.0,81.1426,Closed,Low
PRJ0118,Identity Management Upgrade Phase 3 #118,IT,In Progress,2025-01-25,,500000.0,522211.0,EMP0890,Medium,Dubai,22211.0,True,,104.4422,Active,High
PRJ0119,Document Management System Phase 3 #119,HR,Completed,2023-04-12,2023-11-20,350000.0,231272.0,EMP0851,Low,Abu Dhabi,-118728.0,False,222.0,66.07771428571428,Closed,Low
PRJ0120,Master Data Management Phase 2 #120,Legal,In Progress,2024-09-21,,500000.0,401100.0,EMP0496,Critical,Dubai,-98900.0,False,,80.22,Active,High
PRJ0121,Cloud Migration Phase 1 #121,Data Science,In Progress,2023-09-28,,2000000.0,2040273.0,EMP0646,Medium,Dubai,40273.0,True,,102.01365,Active,High
PRJ0122,Employee Wellness App #122,Operations,In Progress,2024-04-08,,350000.0,240610.0,EMP0391,Medium,Abu Dhabi,-109390.0,False,,68.74571428571429,Active,Low
PRJ0123,Vendor Portal Phase 3 #123,Marketing,Completed,2022-06-18,2023-01-29,200000.0,173104.0,EMP0051,Medium,Abu Dhabi,-26896.0,False,225.0,86.55199999999999,Closed,Low
PRJ0124,Carbon Footprint Tracker - Q1 #124,Operations,Not Started,,,100000.0,0.0,EMP0250,Medium,Dubai,-100000.0,False,,0.0,Pending,Low
PRJ0125,Executive Dashboard Phase 3 #125,Operations,On Hold,2024-05-09,,600000.0,134614.0,EMP0640,Critical,Abu Dhabi,-465386.0,False,,22.435666666666663,Pending,High
PRJ0126,Employee Wellness App - Q4 #126,Procurement,In Progress,2024-01-16,,350000.0,300576.0,EMP0409,Critical,Sharjah,-49424.0,False,,85.87885714285714,Active,High
PRJ0127,Identity Management Upgrade #127,Procurement,In Progress,2023-05-21,,2000000.0,1894750.0,EMP0109,Critical,Dubai,-105250.0,False,,94.7375,Active,High
PRJ0128,Real-time Analytics Engine Phase 3 #128,Data Science,Not Started,,,500000.0,0.0,EMP0395,High,Dubai,-500000.0,False,,0.0,Pending,Medium
PRJ0129,MLOps Platform - Q2 #129,Finance,Completed,2022-04-19,2023-02-08,1200000.0,1077935.0,EMP0495,Low,Ajman,-122065.0,False,295.0,89.82791666666667,Closed,Low
PRJ0130,Data Platform Modernisation #130,HR,Completed,2022-10-30,2023-01-30,500000.0,319623.0,EMP0850,Medium,Abu Dhabi,-180377.0,False,92.0,63.9246,Closed,Low
PRJ0131,Recommendation System - Q1 #131,Legal,Completed,2022-10-01,2023-06-20,200000.0,199416.0,EMP0353,Medium,Dubai,-584.0,False,262.0,99.708,Closed,Medium
PRJ0132,Mobile Workforce App - Q2 #132,IT,Completed,2023-10-07,2025-02-19,50000.0,59126.0,EMP0063,High,Abu Dhabi,9126.0,True,501.0,118.252,Closed,High
PRJ0133,Network Security Overhaul #133,Sustainability,Completed,2022-11-27,2024-02-05,200000.0,149855.0,EMP0705,High,Ajman,-50145.0,False,435.0,74.92750000000001,Closed,Medium
PRJ0134,Employee Wellness App - Q1 #134,Procurement,In Progress,2022-07-02,,80000.0,93415.0,EMP0662,High,Dubai,13415.0,True,,116.76875,Active,High
PRJ0135,Contract Lifecycle Management - Q4 #135,IT,Not Started,,,0.0,0.0,EMP0358,Medium,Dubai,0.0,False,,,Pending,Low
PRJ0136,Knowledge Management Portal #136,IT,In Progress,2023-02-15,,200000.0,162144.0,EMP0776,High,Abu Dhabi,-37856.0,False,,81.072,Active,Medium
PRJ0137,Geo-spatial Intelligence Phase 3 #137,Engineering,Not Started,,,0.0,0.0,EMP0643,Low,Abu Dhabi,0.0,False,,,Pending,Low
PRJ0138,Cloud Migration Phase 1 #138,Engineering,In Progress,2023-09-20,,50000.0,54001.0,EMP0656,High,Sharjah,4001.0,True,,108.002,Active,High
PRJ0139,Employee Wellness App - Q2 #139,IT,Completed,2023-12-09,2024-03-27,120000.0,115179.0,EMP0662,Medium,Abu Dhabi,-4821.0,False,109.0,95.9825,Closed,Medium
PRJ0140,IoT Sensor Network Phase 2 #140,Digital,In Progress,2022-03-21,,2000000.0,2265880.0,EMP0939,Critical,Dubai,265880.0,True,,113.294,Active,High
PRJ0141,Customer Feedback Platform #141,HR,Completed,2024-11-27,2025-04-21,80000.0,71887.0,EMP0707,Medium,Dubai,-8113.0,False,145.0,89.85875,Closed,Low
PRJ0142,Mobile Workforce App - Q4 #142,Digital,On Hold,2023-03-09,,300000.0,52159.0,EMP0152,Medium,Dubai,-247841.0,False,,17.386333333333333,Pending,Low
PRJ0143,Regulatory Compliance Tool #143,HR,In Progress,2024-09-10,,80000.0,88693.0,EMP0101,High,Abu Dhabi,8693.0,True,,110.86625,Active,High
PRJ0144,Compliance Monitoring Phase 2 #144,Finance,In Progress,2024-07-06,,200000.0,155155.0,EMP0737,Medium,Abu Dhabi,-44845.0,False,,77.5775,Active,Low
PRJ0145,Internal Audit Digitisation #145,Digital,In Progress,2025-02-23,,1200000.0,1158957.0,EMP0348,Medium,Dubai,-41043.0,False,,96.57975,Active,Medium
PRJ0146,Legacy System Decommission #146,Operations,On Hold,2024-08-24,,150000.0,43841.0,EMP0873,Low,Abu Dhabi,-106159.0,False,,29.22733333333333,Pending,Low
PRJ0147,Customer Feedback Platform Phase 2 #147,HR,On Hold,,,600000.0,192937.0,EMP0608,High,Dubai,-407063.0,False,,32.15616666666667,Pending,Medium
PRJ0148,Resource Scheduling Tool Phase 2 #148,Data Science,Completed,2023-01-16,2024-06-15,200000.0,205489.0,EMP0083,High,Dubai,5489.0,True,516.0,102.7445,Closed,High
PRJ0149,Workflow Automation #149,Legal,In Progress,2022-08-27,,350000.0,210995.0,EMP0268,High,Sharjah,-139005.0,False,,60.28428571428572,Active,Medium
PRJ0150,Mobile Workforce App - Q2 #150,Operations,Completed,2024-04-03,2024-06-24,120000.0,82200.0,EMP0273,High,Abu Dhabi,-37800.0,False,82.0,68.5,Closed,Medium
PRJ0151,Performance Analytics Phase 2 #151,Sales,Completed,2023-07-13,2024-04-07,50000.0,42476.0,EMP0462,Medium,Dubai,-7524.0,False,269.0,84.952,Closed,Low
PRJ0152,Regulatory Compliance Tool Phase 3 #152,Marketing,In Progress,2024-03-20,,50000.0,50880.0,EMP0513,Low,Dubai,880.0,True,,101.76,Active,High
PRJ0153,Customer Portal Redesign #153,IT,On Hold,2023-07-07,,300000.0,45063.0,EMP0873,Medium,Dubai,-254937.0,False,,15.021,Pending,Low
PRJ0154,Quality Assurance Automation Phase 3 #154,Sustainability,In Progress,2023-06-20,,80000.0,84527.0,EMP0444,High,Sharjah,4527.0,True,,105.65875,Active,High
PRJ0155,Internal Audit Digitisation Phase 2 #155,IT,Completed,2022-03-15,2023-01-09,1200000.0,798727.0,EMP0252,Low,Abu Dhabi,-401273.0,False,300.0,66.56058333333334,Closed,Low
PRJ0156,Internal Audit Digitisation Phase 2 #156,Legal,Completed,2024-06-16,2025-08-28,120000.0,103825.0,EMP0916,Low,Sharjah,-16175.0,False,438.0,86.52083333333334,Closed,Low
PRJ0157,IoT Sensor Network Phase 2 #157,Procurement,In Progress,2022-01-30,,120000.0,96577.0,EMP0283,Critical,Abu Dhabi,-23423.0,False,,80.48083333333334,Active,High
PRJ0158,Regulatory Compliance Tool - Q1 #158,Legal,In Progress,2023-08-21,,2000000.0,1276379.0,EMP0206,High,Abu Dhabi,-723621.0,False,,63.81895,Active,Medium
PRJ0159,Recommendation System #159,Digital,In Progress,2023-05-19,,2000000.0,1545367.0,EMP0184,Low,Ras Al Khaimah,-454633.0,False,,77.26835,Active,Low
PRJ0160,Supply Chain Automation #160,Legal,Completed,2022-02-05,2023-02-16,120000.0,124133.0,EMP0370,Medium,Abu Dhabi,4133.0,True,376.0,103.44416666666667,Closed,High
PRJ0161,AI Forecasting Engine #161,Legal,In Progress,2022-04-30,,800000.0,848973.0,EMP0132,Critical,Dubai,48973.0,True,,106.121625,Active,High
PRJ0162,HR System Upgrade #162,Sales,Not Started,,,500000.0,0.0,EMP0771,Medium,Dubai,-500000.0,False,,0.0,Pending,Low
PRJ0163,Vendor Portal Phase 2 #163,Sales,Completed,2023-05-28,2024-01-19,1200000.0,1064972.0,EMP0174,Medium,Sharjah,-135028.0,False,236.0,88.74766666666667,Closed,Low
PRJ0164,Predictive Maintenance Phase 3 #164,Sales,Completed,2024-03-06,2024-09-13,120000.0,98501.0,EMP0030,Medium,Abu Dhabi,-21499.0,False,191.0,82.08416666666668,Closed,Low
PRJ0165,HR System Upgrade - Q4 #165,Procurement,Not Started,,,200000.0,0.0,EMP0135,High,Abu Dhabi,-200000.0,False,,0.0,Pending,Medium
PRJ0166,Risk Assessment Framework - Q4 #166,Digital,Completed,2024-06-28,2025-03-13,1200000.0,981763.0,EMP0375,High,Abu Dhabi,-218237.0,False,258.0,81.81358333333333,Closed,Medium
PRJ0167,Compliance Monitoring Phase 2 #167,Operations,Completed,2023-02-03,2024-06-24,500000.0,570106.0,EMP0637,Critical,Dubai,70106.0,True,507.0,114.0212,Closed,High
PRJ0168,Asset Tracking System Phase 2 #168,Legal,In Progress,2022-08-11,,2000000.0,1982684.0,EMP0338,Critical,Ras Al Khaimah,-17316.0,False,,99.1342,Active,High
PRJ0169,Master Data Management #169,Operations,In Progress,2025-02-03,,120000.0,119494.0,EMP0600,Medium,Sharjah,-506.0,False,,99.57833333333332,Active,Medium
PRJ0170,Data Platform Modernisation - Q2 #170,Marketing,Completed,2023-07-14,2024-09-27,120000.0,118169.0,EMP0663,High,Abu Dhabi,-1831.0,False,441.0,98.47416666666666,Closed,Medium
PRJ0171,Contract Lifecycle Management - Q3 #171,Operations,Not Started,,,0.0,0.0,EMP0568,Medium,Sharjah,0.0,False,,,Pending,Low
PRJ0172,Master Data Management #172,Data Science,In Progress,2022-01-18,,50000.0,39945.0,EMP0101,Medium,Sharjah,-10055.0,False,,79.89,Active,Low
PRJ0173,Regulatory Compliance Tool Phase 2 #173,Finance,Not Started,,,0.0,0.0,EMP0361,High,Dubai,0.0,False,,,Pending,Medium
PRJ0174,Tax Automation Platform Phase 2 #174,Finance,In Progress,2025-02-24,,120000.0,136858.0,EMP0170,Medium,Abu Dhabi,16858.0,True,,114.04833333333332,Active,High
PRJ0175,Master Data Management Phase 2 #175,Sustainability,Completed,2024-08-19,2025-10-11,350000.0,354892.0,EMP0277,Critical,Dubai,4892.0,True,418.0,101.39771428571429,Closed,High
PRJ0176,Executive Dashboard #176,Engineering,In Progress,2024-02-20,,1200000.0,993146.0,EMP0192,High,Dubai,-206854.0,False,,82.76216666666667,Active,Medium
PRJ0177,Asset Tracking System Phase 2 #177,Digital,Not Started,,,500000.0,0.0,EMP0656,Medium,Abu Dhabi,-500000.0,False,,0.0,Pending,Low
PRJ0178,Internal Audit Digitisation #178,IT,In Progress,2023-09-07,,800000.0,920046.0,EMP0120,Critical,Dubai,120046.0,True,,115.00575,Active,High
PRJ0179,Energy Optimisation Platform Phase 3 #179,Finance,Completed,2022-06-20,2023-02-16,1200000.0,731487.0,EMP0688,Medium,Abu Dhabi,-468513.0,False,241.0,60.95725,Closed,Low
PRJ0180,Knowledge Management Portal Phase 3 #180,Sustainability,On Hold,,,300000.0,111523.0,EMP0062,High,Dubai,-188477.0,False,,37.17433333333333,Pending,Medium
PRJ0181,Knowledge Management Portal - Q4 #181,HR,In Progress,2024-07-27,,80000.0,63980.0,EMP0044,Low,Ras Al Khaimah,-16020.0,False,,79.975,Active,Low
PRJ0182,Master Data Management #182,Finance,Completed,2024-08-20,2025-05-01,800000.0,497271.0,EMP0806,Medium,Abu Dhabi,-302729.0,False,254.0,62.158875,Closed,Low
PRJ0183,Asset Tracking System - Q4 #183,Procurement,In Progress,2023-12-11,,350000.0,326000.0,EMP0569,Medium,Abu Dhabi,-24000.0,False,,93.14285714285714,Active,Medium
PRJ0184,Crisis Response System Phase 3 #184,Sustainability,Not Started,,,0.0,0.0,EMP0136,High,Abu Dhabi,0.0,False,,,Pending,Medium
PRJ0185,Customer Portal Redesign Phase 3 #185,Data Science,In Progress,2023-05-01,,80000.0,89457.0,EMP0016,High,Dubai,9457.0,True,,111.82125,Active,High
PRJ0186,Mobile Workforce App Phase 2 #186,Marketing,Completed,2024-08-01,2025-08-19,500000.0,535839.0,EMP0118,High,Abu Dhabi,35839.0,True,383.0,107.1678,Closed,High
PRJ0187,Procurement Digitalisation #187,IT,In Progress,2022-07-07,,50000.0,42989.0,EMP0816,Medium,Abu Dhabi,-7011.0,False,,85.978,Active,Low
PRJ0188,Internal Audit Digitisation Phase 3 #188,Sales,Completed,2024-09-01,2025-12-23,200000.0,204988.0,EMP0580,High,Abu Dhabi,4988.0,True,478.0,102.494,Closed,High
PRJ0189,Legacy System Decommission - Q1 #189,IT,Completed,2022-06-12,2022-11-09,200000.0,151591.0,EMP0632,High,Abu Dhabi,-48409.0,False,150.0,75.7955,Closed,Medium
PRJ0190,Network Security Overhaul Phase 2 #190,IT,Not Started,,,100000.0,0.0,EMP0185,Medium,Dubai,-100000.0,False,,0.0,Pending,Low
PRJ0191,Legacy System Decommission Phase 3 #191,Operations,Completed,2023-12-08,2025-02-16,200000.0,183666.0,EMP0785,Critical,Dubai,-16334.0,False,436.0,91.833,Closed,High
PRJ0192,Legacy System Decommission #192,Engineering,In Progress,2023-12-06,,50000.0,48595.0,EMP0974,Medium,Dubai,-1405.0,False,,97.19,Active,Medium
PRJ0193,Sentiment Analysis Engine #193,Procurement,Completed,2023-10-15,2024-10-10,500000.0,509422.0,EMP0718,High,Abu Dhabi,9422.0,True,361.0,101.8844,Closed,High
PRJ0194,Knowledge Management Portal - Q3 #194,HR,Completed,2024-09-10,2025-05-17,1200000.0,936177.0,EMP0569,Medium,Ajman,-263823.0,False,249.0,78.01474999999999,Closed,Low
PRJ0195,Regulatory Compliance Tool Phase 2 #195,Engineering,Completed,2024-04-19,2025-02-11,1200000.0,953544.0,EMP0942,High,Ras Al Khaimah,-246456.0,False,298.0,79.462,Closed,Medium
PRJ0196,Citizen Services Portal - Q4 #196,IT,In Progress,2024-02-29,,800000.0,935824.0,EMP0149,High,Abu Dhabi,135824.0,True,,116.978,Active,High
PRJ0197,Smart Building System - Q2 #197,HR,In Progress,2022-12-20,,120000.0,114691.0,EMP0206,Medium,Abu Dhabi,-5309.0,False,,95.57583333333334,Active,Medium
PRJ0198,Tax Automation Platform Phase 3 #198,HR,In Progress,2024-10-15,,800000.0,555991.0,EMP0988,Critical,Dubai,-244009.0,False,,69.498875,Active,High
PRJ0199,Predictive Maintenance - Q2 #199,Marketing,Completed,2024-06-05,2025-03-14,120000.0,107088.0,EMP0799,Low,Ras Al Khaimah,-12912.0,False,282.0,89.24,Closed,Low
PRJ0200,Customer Portal Redesign - Q3 #200,Marketing,In Progress,2023-04-27,,2000000.0,2332005.0,EMP0950,Medium,Dubai,332005.0,True,,116.60025,Active,High
PRJ0201,Customer Feedback Platform Phase 3 #201,Sales,In Progress,2024-05-28,,80000.0,76757.0,EMP0614,Medium,Dubai,-3243.0,False,,95.94625,Active,Medium
PRJ0202,Quality Assurance Automation Phase 3 #202,Marketing,On Hold,,,600000.0,126601.0,EMP0273,Medium,Abu Dhabi,-473399.0,False,,21.100166666666667,Pending,Low
PRJ0203,Predictive Maintenance - Q3 #203,Finance,Completed,2023-11-10,2024-12-31,200000.0,228222.0,EMP0370,High,Dubai,28222.0,True,417.0,114.111,Closed,High
PRJ0204,Predictive Maintenance Phase 2 #204,Digital,Completed,2022-02-09,2022-09-17,2000000.0,2256873.0,EMP0433,High,Dubai,256873.0,True,220.0,112.84365,Closed,High
PRJ0205,Internal Audit Digitisation - Q4 #205,Marketing,On Hold,2023-09-30,,0.0,0.0,EMP0514,Medium,Abu Dhabi,0.0,False,,,Pending,Low
PRJ0206,IoT Sensor Network Phase 2 #206,HR,Not Started,,,0.0,0.0,EMP0273,Medium,Abu Dhabi,0.0,False,,,Pending,Low
PRJ0207,ERP Consolidation Phase 2 #207,Finance,On Hold,2023-11-18,,150000.0,52086.0,EMP0771,Medium,Sharjah,-97914.0,False,,34.724,Pending,Low
PRJ0208,Disaster Recovery Setup Phase 3 #208,Procurement,In Progress,2023-02-04,,2000000.0,2158618.0,EMP0318,Medium,Abu Dhabi,158618.0,True,,107.9309,Active,High
PRJ0209,Quality Assurance Automation Phase 3 #209,Finance,In Progress,2023-08-30,,50000.0,30864.0,EMP0768,High,Abu Dhabi,-19136.0,False,,61.72800000000001,Active,Medium
PRJ0210,Citizen Services Portal - Q2 #210,Sales,Completed,2022-11-18,2023-11-17,1200000.0,1266092.0,EMP0119,Critical,Dubai,66092.0,True,364.0,105.50766666666668,Closed,High
PRJ0211,Regulatory Compliance Tool Phase 3 #211,IT,Completed,2023-10-24,2023-12-31,80000.0,50516.0,EMP0377,High,Abu Dhabi,-29484.0,False,68.0,63.145,Closed,Medium
PRJ0212,Identity Management Upgrade #212,Sales,Completed,2023-10-26,2024-07-14,120000.0,95515.0,EMP0994,High,Dubai,-24485.0,False,262.0,79.59583333333333,Closed,Medium
PRJ0213,Identity Management Upgrade #213,Procurement,Completed,2022-09-28,2023-08-08,80000.0,92493.0,EMP0149,Medium,Dubai,12493.0,True,314.0,115.61625,Closed,High
PRJ0214,Sentiment Analysis Engine #214,HR,On Hold,2024-02-27,,300000.0,97576.0,EMP0578,Medium,Abu Dhabi,-202424.0,False,,32.525333333333336,Pending,Low
PRJ0215,Contract Lifecycle Management Phase 2 #215,Sustainability,Not Started,,,200000.0,0.0,EMP0181,Low,Sharjah,-200000.0,False,,0.0,Pending,Low
PRJ0216,Knowledge Management Portal Phase 2 #216,Engineering,Completed,2025-02-16,2025-04-29,50000.0,49287.0,EMP0828,Medium,Abu Dhabi,-713.0,False,72.0,98.574,Closed,Medium
PRJ0217,Predictive Maintenance Phase 2 #217,IT,Completed,2023-10-24,2024-07-08,800000.0,489242.0,EMP0914,Medium,Abu Dhabi,-310758.0,False,258.0,61.15525,Closed,Low
PRJ0218,Sentiment Analysis Engine #218,Engineering,In Progress,2022-03-15,,200000.0,147540.0,EMP0570,Low,Dubai,-52460.0,False,,73.77,Active,Low
PRJ0219,API Gateway Modernisation Phase 2 #219,Legal,In Progress,2025-01-03,,50000.0,57456.0,EMP0883,High,Abu Dhabi,7456.0,True,,114.912,Active,High
PRJ0220,Asset Tracking System Phase 2 #220,Operations,Completed,2023-06-09,2024-01-26,200000.0,159246.0,EMP0290,Medium,Dubai,-40754.0,False,231.0,79.623,Closed,Low
PRJ0221,Crisis Response System - Q1 #221,Marketing,On Hold,2024-02-20,,150000.0,23317.0,EMP0052,Medium,Abu Dhabi,-126683.0,False,,15.544666666666668,Pending,Low
PRJ0222,Fleet Management System Phase 3 #222,Procurement,Completed,2023-09-14,2024-05-15,1200000.0,759144.0,EMP0737,Medium,Sharjah,-440856.0,False,244.0,63.26199999999999,Closed,Low
PRJ0223,Knowledge Management Portal #223,Finance,In Progress,2023-01-06,,500000.0,361905.0,EMP0850,Medium,Abu Dhabi,-138095.0,False,,72.381,Active,Low
PRJ0224,Risk Assessment Framework - Q2 #224,Digital,Completed,2023-08-08,2024-11-17,200000.0,129320.0,EMP0118,Critical,Sharjah,-70680.0,False,467.0,64.66,Closed,High
PRJ0225,Master Data Management #225,Finance,On Hold,2024-01-26,,150000.0,19375.0,EMP0416,Medium,Abu Dhabi,-130625.0,False,,12.916666666666668,Pending,Low
PRJ0226,Performance Analytics #226,Finance,Completed,2022-02-15,2022-09-15,50000.0,56955.0,EMP0345,Low,Dubai,6955.0,True,212.0,113.91,Closed,High
PRJ0227,Fleet Management System #227,Digital,In Progress,2022-08-19,,80000.0,82790.0,EMP0526,Critical,Dubai,2790.0,True,,103.4875,Active,High
PRJ0228,MLOps Platform Phase 3 #228,Engineering,Completed,2024-09-09,2024-12-10,120000.0,87514.0,EMP0445,High,Abu Dhabi,-32486.0,False,92.0,72.92833333333333,Closed,Medium
PRJ0229,Document Management System - Q4 #229,Legal,In Progress,2022-01-28,,50000.0,49698.0,EMP0919,Critical,Dubai,-302.0,False,,99.396,Active,High
PRJ0230,Recommendation System Phase 2 #230,Finance,In Progress,2023-07-11,,200000.0,148178.0,EMP0513,High,Ajman,-51822.0,False,,74.089,Active,Medium
PRJ0231,HR System Upgrade - Q4 #231,Operations,Completed,2022-04-07,2022-10-30,500000.0,326524.0,EMP0416,Medium,Dubai,-173476.0,False,206.0,65.3048,Closed,Low
PRJ0232,Cloud Migration Phase 1 Phase 3 #232,Procurement,Completed,2022-10-26,2023-06-07,500000.0,422100.0,EMP0676,Medium,Dubai,-77900.0,False,224.0,84.42,Closed,Low
PRJ0233,ERP Consolidation Phase 2 #233,Sales,Completed,2024-10-09,2025-11-18,2000000.0,1689390.0,EMP0488,Low,Abu Dhabi,-310610.0,False,405.0,84.4695,Closed,Low
PRJ0234,Procurement Digitalisation Phase 3 #234,Sales,Completed,2025-01-09,2026-05-25,120000.0,136061.0,EMP0392,Medium,Sharjah,16061.0,True,501.0,113.38416666666666,Closed,High
PRJ0235,Smart Building System Phase 3 #235,Sustainability,Completed,2022-11-23,2024-04-01,120000.0,142360.0,EMP0936,Medium,Dubai,22360.0,True,495.0,118.63333333333333,Closed,High
PRJ0236,Internal Audit Digitisation #236,Sustainability,Completed,2024-11-30,2025-03-23,50000.0,37641.0,EMP0638,High,Abu Dhabi,-12359.0,False,113.0,75.28200000000001,Closed,Medium
PRJ0237,Predictive Maintenance - Q3 #237,Data Science,In Progress,2024-02-04,,2000000.0,2324313.0,EMP0605,High,Abu Dhabi,324313.0,True,,116.21565,Active,High
PRJ0238,Workflow Automation - Q3 #238,Procurement,Completed,2022-08-06,2023-01-28,1200000.0,832104.0,EMP0823,Critical,Abu Dhabi,-367896.0,False,175.0,69.342,Closed,High
PRJ0239,Smart City Infrastructure - Q1 #239,IT,On Hold,2023-11-10,,150000.0,49011.0,EMP0346,High,Dubai,-100989.0,False,,32.674,Pending,Medium
PRJ0240,AI Forecasting Engine #240,Engineering,In Progress,2022-09-05,,200000.0,142285.0,EMP0925,High,Abu Dhabi,-57715.0,False,,71.1425,Active,Medium
PRJ0241,Crisis Response System - Q1 #241,HR,Completed,2022-01-22,2023-03-15,350000.0,282065.0,EMP0421,Medium,Abu Dhabi,-67935.0,False,417.0,80.58999999999999,Closed,Low
PRJ0242,API Gateway Modernisation #242,Sales,Completed,2022-03-06,2023-01-15,500000.0,405449.0,EMP0285,High,Sharjah,-94551.0,False,315.0,81.0898,Closed,Medium
PRJ0243,Vendor Portal - Q1 #243,Procurement,Completed,2023-12-20,2025-02-02,1200000.0,1436139.0,EMP0428,Low,Dubai,236139.0,True,410.0,119.67825,Closed,High
PRJ0244,Internal Audit Digitisation Phase 3 #244,Sustainability,In Progress,2023-05-18,,80000.0,69824.0,EMP0888,Medium,Dubai,-10176.0,False,,87.28,Active,Low
PRJ0245,Tax Automation Platform Phase 3 #245,Finance,Completed,2024-07-13,2024-12-30,800000.0,525577.0,EMP0815,Low,Sharjah,-274423.0,False,170.0,65.697125,Closed,Low
PRJ0246,IoT Sensor Network - Q1 #246,Data Science,Completed,2024-08-06,2025-02-22,800000.0,864627.0,EMP0625,High,Abu Dhabi,64627.0,True,200.0,108.078375,Closed,High
PRJ0247,API Gateway Modernisation - Q1 #247,IT,On Hold,,,150000.0,16791.0,EMP0705,Medium,Abu Dhabi,-133209.0,False,,11.194,Pending,Low
PRJ0248,Executive Dashboard Phase 2 #248,Digital,Completed,2022-01-12,2022-09-27,120000.0,127617.0,EMP0053,Medium,Abu Dhabi,7617.0,True,258.0,106.3475,Closed,High
PRJ0249,Resource Scheduling Tool Phase 2 #249,Procurement,Completed,2022-08-26,2022-12-15,120000.0,82022.0,EMP0877,Critical,Dubai,-37978.0,False,111.0,68.35166666666666,Closed,High
PRJ0250,Data Platform Modernisation - Q4 #250,HR,Completed,2024-05-30,2024-08-08,2000000.0,2277227.0,EMP0416,High,Abu Dhabi,277227.0,True,70.0,113.86135,Closed,High
PRJ0251,Tax Automation Platform Phase 3 #251,Legal,Completed,2024-05-14,2024-08-16,80000.0,52187.0,EMP0799,Medium,Abu Dhabi,-27813.0,False,94.0,65.23375,Closed,Low
PRJ0252,Digital Payments Integration #252,Engineering,In Progress,2023-01-18,,200000.0,173532.0,EMP0635,Medium,Abu Dhabi,-26468.0,False,,86.766,Active,Low
PRJ0253,Customer Portal Redesign - Q2 #253,Data Science,Completed,2023-04-21,2023-10-01,120000.0,93624.0,EMP0884,High,Abu Dhabi,-26376.0,False,163.0,78.02,Closed,Medium
PRJ0254,Supply Chain Automation #254,Sustainability,Completed,2024-12-22,2025-02-24,350000.0,394880.0,EMP0148,Medium,Abu Dhabi,44880.0,True,64.0,112.82285714285712,Closed,High
PRJ0255,Tax Automation Platform Phase 2 #255,Sales,Completed,2024-09-07,2025-02-23,80000.0,56276.0,EMP0641,High,Dubai,-23724.0,False,169.0,70.345,Closed,Medium
PRJ0256,Customer Portal Redesign Phase 2 #256,Sustainability,In Progress,2022-05-20,,1200000.0,1089636.0,EMP0083,High,Abu Dhabi,-110364.0,False,,90.803,Active,Medium
PRJ0257,Geo-spatial Intelligence Phase 3 #257,Operations,Not Started,,,200000.0,0.0,EMP0052,Critical,Dubai,-200000.0,False,,0.0,Pending,High
PRJ0258,Data Platform Modernisation Phase 3 #258,Legal,Completed,2023-04-06,2024-06-22,120000.0,106514.0,EMP0935,Medium,Abu Dhabi,-13486.0,False,443.0,88.76166666666667,Closed,Low
PRJ0259,Geo-spatial Intelligence Phase 2 #259,Marketing,Completed,2024-10-15,2026-01-13,80000.0,68771.0,EMP0042,Medium,Dubai,-11229.0,False,455.0,85.96375,Closed,Low
PRJ0260,Sentiment Analysis Engine #260,HR,In Progress,2023-07-30,,1200000.0,1188120.0,EMP0391,Medium,Dubai,-11880.0,False,,99.01,Active,Medium
PRJ0261,Identity Management Upgrade - Q3 #261,Sustainability,Completed,2025-02-21,2026-08-07,120000.0,105791.0,EMP0101,High,Ras Al Khaimah,-14209.0,False,532.0,88.15916666666666,Closed,Medium
PRJ0262,Data Lake Implementation Phase 3 #262,Sales,In Progress,2023-07-10,,350000.0,334831.0,EMP0251,Medium,Sharjah,-15169.0,False,,95.666,Active,Medium
PRJ0263,Digital Payments Integration Phase 3 #263,Finance,In Progress,2023-11-18,,2000000.0,2011320.0,EMP0312,Medium,Abu Dhabi,11320.0,True,,100.566,Active,High
PRJ0264,Energy Optimisation Platform Phase 2 #264,Procurement,In Progress,2024-01-11,,2000000.0,1863483.0,EMP0226,High,Dubai,-136517.0,False,,93.17415,Active,Medium
PRJ0265,Employee Wellness App Phase 3 #265,Sales,In Progress,2023-11-22,,120000.0,135883.0,EMP0962,Medium,Abu Dhabi,15883.0,True,,113.23583333333332,Active,High
PRJ0266,Tax Automation Platform - Q3 #266,Sustainability,In Progress,2023-06-06,,80000.0,60121.0,EMP0424,High,Ajman,-19879.0,False,,75.15125,Active,Medium
PRJ0267,Smart City Infrastructure Phase 2 #267,Finance,On Hold,2024-07-17,,300000.0,76000.0,EMP0468,Medium,Abu Dhabi,-224000.0,False,,25.333333333333336,Pending,Low
PRJ0268,Performance Analytics #268,Digital,Completed,2023-10-04,2024-02-02,120000.0,85039.0,EMP0408,High,Ajman,-34961.0,False,121.0,70.86583333333333,Closed,Medium
PRJ0269,HR System Upgrade Phase 3 #269,Data Science,Completed,2023-07-04,2023-11-06,80000.0,92435.0,EMP0816,Medium,Abu Dhabi,12435.0,True,125.0,115.54375,Closed,High
PRJ0270,Energy Optimisation Platform #270,Data Science,In Progress,2023-07-22,,350000.0,300258.0,EMP0256,Medium,Dubai,-49742.0,False,,85.788,Active,Low
PRJ0271,Geo-spatial Intelligence Phase 3 #271,Operations,In Progress,2025-02-07,,500000.0,528705.0,EMP0192,High,Dubai,28705.0,True,,105.741,Active,High
PRJ0272,Fleet Management System Phase 2 #272,Data Science,Completed,2023-07-07,2024-10-23,1200000.0,809685.0,EMP0273,High,Abu Dhabi,-390315.0,False,474.0,67.47375,Closed,Medium
PRJ0273,Citizen Services Portal Phase 2 #273,Operations,In Progress,2022-01-07,,200000.0,200539.0,EMP0494,High,Dubai,539.0,True,,100.2695,Active,High
PRJ0274,Vendor Portal Phase 2 #274,Operations,In Progress,2022-06-17,,800000.0,821964.0,EMP0502,Medium,Sharjah,21964.0,True,,102.7455,Active,High
PRJ0275,Master Data Management #275,Sustainability,Completed,2023-02-25,2024-07-20,1200000.0,1034388.0,EMP0608,Medium,Abu Dhabi,-165612.0,False,511.0,86.199,Closed,Low
PRJ0276,Real-time Analytics Engine - Q4 #276,Marketing,In Progress,2022-10-23,,80000.0,76845.0,EMP0828,High,Abu Dhabi,-3155.0,False,,96.05625,Active,Medium
PRJ0277,Risk Assessment Framework Phase 2 #277,HR,Completed,2023-07-16,2024-01-19,350000.0,398675.0,EMP0428,High,Dubai,48675.0,True,187.0,113.90714285714284,Closed,High
PRJ0278,Data Platform Modernisation #278,Digital,Completed,2022-02-14,2022-10-31,500000.0,407856.0,EMP0030,Medium,Dubai,-92144.0,False,259.0,81.5712,Closed,Low
PRJ0279,Performance Analytics - Q1 #279,Finance,In Progress,2023-07-06,,500000.0,573479.0,EMP0290,Medium,Abu Dhabi,73479.0,True,,114.6958,Active,High
PRJ0280,API Gateway Modernisation #280,Legal,Completed,2023-04-14,2023-07-29,120000.0,78651.0,EMP0827,High,Abu Dhabi,-41349.0,False,106.0,65.5425,Closed,Medium
PRJ0281,Compliance Monitoring - Q3 #281,IT,In Progress,2024-06-11,,350000.0,392911.0,EMP0207,Medium,Abu Dhabi,42911.0,True,,112.26028571428571,Active,High
PRJ0282,Compliance Monitoring Phase 2 #282,Data Science,Completed,2022-12-27,2023-07-22,2000000.0,1764298.0,EMP0474,Critical,Abu Dhabi,-235702.0,False,207.0,88.2149,Closed,High
PRJ0283,Regulatory Compliance Tool #283,Data Science,In Progress,2023-01-02,,2000000.0,1348964.0,EMP0536,High,Abu Dhabi,-651036.0,False,,67.4482,Active,Medium
PRJ0284,Employee Wellness App Phase 2 #284,Operations,Completed,2023-10-29,2025-03-09,120000.0,127177.0,EMP0596,High,Dubai,7177.0,True,497.0,105.98083333333332,Closed,High
PRJ0285,Supply Chain Automation Phase 2 #285,IT,In Progress,2022-11-16,,120000.0,89418.0,EMP0719,High,Dubai,-30582.0,False,,74.515,Active,Medium
PRJ0286,Carbon Footprint Tracker Phase 2 #286,Digital,In Progress,2022-08-14,,200000.0,139450.0,EMP0718,High,Abu Dhabi,-60550.0,False,,69.72500000000001,Active,Medium
PRJ0287,Vendor Portal #287,Finance,Completed,2024-09-30,2025-11-10,800000.0,744151.0,EMP0853,Medium,Dubai,-55849.0,False,406.0,93.018875,Closed,Medium
PRJ0288,Predictive Healthcare - Q3 #288,Finance,Completed,2024-04-14,2024-09-06,2000000.0,2229512.0,EMP0135,High,Abu Dhabi,229512.0,True,145.0,111.4756,Closed,High
PRJ0289,Disaster Recovery Setup Phase 3 #289,Data Science,Completed,2024-04-24,2025-01-04,800000.0,623768.0,EMP0038,Medium,Abu Dhabi,-176232.0,False,255.0,77.971,Closed,Low
PRJ0290,Data Platform Modernisation - Q2 #290,Sales,Completed,2024-07-10,2025-11-24,120000.0,118733.0,EMP0345,Medium,Abu Dhabi,-1267.0,False,502.0,98.94416666666666,Closed,Medium
PRJ0291,Predictive Maintenance Phase 3 #291,Digital,Completed,2024-08-10,2025-04-17,200000.0,175595.0,EMP0464,Critical,Abu Dhabi,-24405.0,False,250.0,87.7975,Closed,High
PRJ0292,Executive Dashboard Phase 3 #292,HR,In Progress,2024-08-10,,800000.0,905782.0,EMP0488,Low,Abu Dhabi,105782.0,True,,113.22275,Active,High
PRJ0293,Real-time Analytics Engine #293,Digital,In Progress,2023-11-10,,200000.0,157241.0,EMP0591,Medium,Ajman,-42759.0,False,,78.6205,Active,Low
PRJ0294,Executive Dashboard #294,Engineering,Completed,2024-12-03,2025-08-10,50000.0,43450.0,EMP0382,High,Dubai,-6550.0,False,250.0,86.9,Closed,Medium
PRJ0295,Master Data Management Phase 3 #295,HR,In Progress,2024-11-24,,80000.0,90409.0,EMP0896,Medium,Dubai,10409.0,True,,113.01125,Active,High
PRJ0296,HR System Upgrade Phase 2 #296,Legal,In Progress,2024-06-19,,350000.0,240229.0,EMP0909,Critical,Abu Dhabi,-109771.0,False,,68.63685714285714,Active,High
PRJ0297,Vendor Portal - Q3 #297,Operations,In Progress,2023-09-13,,50000.0,58606.0,EMP0215,Medium,Abu Dhabi,8606.0,True,,117.212,Active,High
PRJ0298,Executive Dashboard Phase 3 #298,Operations,In Progress,2022-05-16,,120000.0,133836.0,EMP0294,High,Dubai,13836.0,True,,111.53,Active,High
PRJ0299,Predictive Maintenance Phase 2 #299,Sales,Completed,2022-06-13,2023-07-20,1200000.0,1304416.0,EMP0392,High,Ras Al Khaimah,104416.0,True,402.0,108.70133333333334,Closed,High
PRJ0300,Tax Automation Platform Phase 3 #300,Sales,Completed,2024-12-14,2025-05-02,2000000.0,2019121.0,EMP0951,High,Sharjah,19121.0,True,139.0,100.95605,Closed,High
PRJ0301,Predictive Maintenance - Q1 #301,Digital,In Progress,2024-11-08,,350000.0,314763.0,EMP0852,Critical,Abu Dhabi,-35237.0,False,,89.93228571428571,Active,High
PRJ0302,API Gateway Modernisation Phase 3 #302,Data Science,Not Started,,,100000.0,0.0,EMP0277,Medium,Abu Dhabi,-100000.0,False,,0.0,Pending,Low
PRJ0303,AI Forecasting Engine - Q3 #303,Procurement,Completed,2023-11-10,2024-06-10,80000.0,59639.0,EMP0736,Medium,Sharjah,-20361.0,False,213.0,74.54875,Closed,Low
PRJ0304,Customer Portal Redesign #304,Legal,Completed,2024-06-04,2024-10-20,800000.0,707123.0,EMP0042,Medium,Abu Dhabi,-92877.0,False,138.0,88.390375,Closed,Low
PRJ0305,Customer Feedback Platform - Q2 #305,Digital,On Hold,2023-08-08,,600000.0,137419.0,EMP0259,Medium,Dubai,-462581.0,False,,22.903166666666667,Pending,Low
PRJ0306,Cloud Migration Phase 1 Phase 2 #306,Marketing,In Progress,2024-02-11,,80000.0,52831.0,EMP0092,High,Abu Dhabi,-27169.0,False,,66.03875000000001,Active,Medium
PRJ0307,Data Lake Implementation - Q4 #307,Data Science,On Hold,2024-12-15,,150000.0,59632.0,EMP0007,Medium,Abu Dhabi,-90368.0,False,,39.754666666666665,Pending,Low
PRJ0308,Legacy System Decommission Phase 3 #308,Sales,Completed,2022-03-24,2022-08-15,350000.0,279329.0,EMP0050,Critical,Abu Dhabi,-70671.0,False,144.0,79.80828571428572,Closed,High
PRJ0309,HR System Upgrade Phase 2 #309,IT,Not Started,,,200000.0,0.0,EMP0119,Medium,Abu Dhabi,-200000.0,False,,0.0,Pending,Low
PRJ0310,Compliance Monitoring Phase 3 #310,IT,In Progress,2023-06-17,,120000.0,118329.0,EMP0830,Medium,Dubai,-1671.0,False,,98.6075,Active,Medium
PRJ0311,Predictive Maintenance #311,Legal,Not Started,,,500000.0,0.0,EMP0551,High,Abu Dhabi,-500000.0,False,,0.0,Pending,Medium
PRJ0312,Real-time Analytics Engine Phase 3 #312,Sales,Completed,2024-04-01,2024-12-31,200000.0,215310.0,EMP0353,High,Abu Dhabi,15310.0,True,274.0,107.655,Closed,High
PRJ0313,Citizen Services Portal Phase 2 #313,Engineering,In Progress,2022-08-30,,120000.0,79752.0,EMP0513,Low,Dubai,-40248.0,False,,66.46,Active,Low
PRJ0314,Legacy System Decommission Phase 3 #314,Marketing,In Progress,2024-09-13,,800000.0,676742.0,EMP0768,High,Dubai,-123258.0,False,,84.59275000000001,Active,Medium
PRJ0315,Recommendation System Phase 2 #315,Digital,Completed,2024-01-16,2024-06-04,800000.0,571914.0,EMP0073,Low,Dubai,-228086.0,False,140.0,71.48925,Closed,Low
PRJ0316,Knowledge Management Portal Phase 2 #316,Digital,Completed,2024-03-25,2025-06-29,500000.0,434883.0,EMP0969,Medium,Ras Al Khaimah,-65117.0,False,461.0,86.9766,Closed,Low
PRJ0317,Performance Analytics Phase 2 #317,Engineering,Not Started,,,0.0,0.0,EMP0283,Medium,Dubai,0.0,False,,,Pending,Low
PRJ0318,Mobile Workforce App #318,IT,In Progress,2024-10-11,,350000.0,400534.0,EMP0851,Medium,Abu Dhabi,50534.0,True,,114.43828571428573,Active,High
PRJ0319,Smart City Infrastructure Phase 3 #319,Marketing,Completed,2022-01-06,2022-04-29,1200000.0,1275528.0,EMP0588,Medium,Abu Dhabi,75528.0,True,113.0,106.294,Closed,High
PRJ0320,Resource Scheduling Tool - Q3 #320,Sustainability,On Hold,2024-09-18,,150000.0,34572.0,EMP0860,High,Dubai,-115428.0,False,,23.048,Pending,Medium
PRJ0321,Recommendation System - Q3 #321,Engineering,In Progress,2022-02-06,,800000.0,762873.0,EMP0936,Low,Dubai,-37127.0,False,,95.359125,Active,Medium
PRJ0322,Contract Lifecycle Management Phase 2 #322,HR,Not Started,,,0.0,0.0,EMP0294,Medium,Dubai,0.0,False,,,Pending,Low
PRJ0323,HR System Upgrade Phase 3 #323,Legal,In Progress,2024-12-22,,200000.0,124865.0,EMP0977,Medium,Abu Dhabi,-75135.0,False,,62.432500000000005,Active,Low
PRJ0324,Performance Analytics #324,Finance,Completed,2025-01-24,2025-10-24,50000.0,45052.0,EMP0861,High,Dubai,-4948.0,False,273.0,90.104,Closed,Medium
PRJ0325,Customer Feedback Platform - Q1 #325,Marketing,In Progress,2025-02-05,,350000.0,373731.0,EMP0259,Critical,Abu Dhabi,23731.0,True,,106.78028571428572,Active,High
PRJ0326,Recommendation System Phase 2 #326,Sustainability,Completed,2022-01-30,2023-03-16,800000.0,518244.0,EMP0776,Medium,Dubai,-281756.0,False,410.0,64.78049999999999,Closed,Low
PRJ0327,AI Forecasting Engine Phase 3 #327,IT,Completed,2023-06-11,2024-03-09,120000.0,137228.0,EMP0226,High,Abu Dhabi,17228.0,True,272.0,114.35666666666664,Closed,High
PRJ0328,Geo-spatial Intelligence Phase 3 #328,Sustainability,Completed,2022-05-21,2022-08-28,120000.0,134871.0,EMP0007,Critical,Abu Dhabi,14871.0,True,99.0,112.3925,Closed,High
PRJ0329,IoT Sensor Network Phase 2 #329,Data Science,Completed,2023-11-23,2024-03-24,2000000.0,2119199.0,EMP0927,Medium,Dubai,119199.0,True,122.0,105.95995,Closed,High
PRJ0330,Tax Automation Platform #330,HR,Completed,2023-12-25,2024-05-23,800000.0,867168.0,EMP0635,Critical,Dubai,67168.0,True,150.0,108.396,Closed,High
PRJ0331,Master Data Management #331,IT,In Progress,2022-11-25,,2000000.0,2178261.0,EMP0619,Medium,Ajman,178261.0,True,,108.91305,Active,High
PRJ0332,Geo-spatial Intelligence #332,HR,Not Started,,,200000.0,0.0,EMP0117,High,Dubai,-200000.0,False,,0.0,Pending,Medium
PRJ0333,Risk Assessment Framework Phase 2 #333,Operations,Completed,2024-09-17,2025-12-17,80000.0,94854.0,EMP0883,Medium,Dubai,14854.0,True,456.0,118.5675,Closed,High
PRJ0334,IoT Sensor Network - Q4 #334,Legal,In Progress,2024-01-26,,200000.0,227996.0,EMP0046,Medium,Abu Dhabi,27996.0,True,,113.998,Active,High
PRJ0335,ERP Consolidation Phase 3 #335,Sales,In Progress,2022-01-16,,500000.0,558602.0,EMP0096,Low,Abu Dhabi,58602.0,True,,111.7204,Active,High
PRJ0336,Compliance Monitoring Phase 2 #336,Digital,Completed,2025-02-03,2026-04-10,500000.0,335925.0,EMP0965,Low,Dubai,-164075.0,False,431.0,67.18499999999999,Closed,Low
PRJ0337,Identity Management Upgrade Phase 3 #337,Sustainability,Not Started,,,0.0,0.0,EMP0118,Low,Abu Dhabi,0.0,False,,,Pending,Low
PRJ0338,Procurement Digitalisation - Q3 #338,IT,In Progress,2024-04-23,,80000.0,94806.0,EMP0409,Low,Abu Dhabi,14806.0,True,,118.5075,Active,High
PRJ0339,Customer Feedback Platform #339,Engineering,On Hold,2024-12-29,,0.0,0.0,EMP0148,Critical,Dubai,0.0,False,,,Pending,High
PRJ0340,AI Forecasting Engine #340,Data Science,On Hold,2023-11-22,,0.0,0.0,EMP0203,High,Dubai,0.0,False,,,Pending,Medium
PRJ0341,Internal Audit Digitisation #341,Finance,In Progress,2025-01-31,,2000000.0,2295567.0,EMP0089,High,Dubai,295567.0,True,,114.77835,Active,High
PRJ0342,Workflow Automation Phase 3 #342,Data Science,Not Started,,,100000.0,0.0,EMP0358,Critical,Abu Dhabi,-100000.0,False,,0.0,Pending,High
PRJ0343,Energy Optimisation Platform Phase 3 #343,Procurement,In Progress,2022-05-21,,80000.0,93551.0,EMP0686,Low,Sharjah,13551.0,True,,116.93875,Active,High
PRJ0344,HR System Upgrade Phase 3 #344,Legal,Completed,2023-06-26,2023-11-14,2000000.0,2274029.0,EMP0273,Low,Abu Dhabi,274029.0,True,141.0,113.70145,Closed,High
PRJ0345,Predictive Healthcare #345,Digital,In Progress,2022-09-17,,120000.0,125126.0,EMP0977,Critical,Dubai,5126.0,True,,104.27166666666668,Active,High
PRJ0346,Contract Lifecycle Management Phase 3 #346,Marketing,Completed,2023-01-20,2023-11-28,2000000.0,1485494.0,EMP0486,Medium,Dubai,-514506.0,False,312.0,74.27470000000001,Closed,Low
PRJ0347,Regulatory Compliance Tool Phase 3 #347,IT,Completed,2024-04-22,2025-09-30,350000.0,266565.0,EMP0728,Critical,Abu Dhabi,-83435.0,False,526.0,76.16142857142857,Closed,High
PRJ0348,Contract Lifecycle Management - Q3 #348,Engineering,On Hold,2023-07-15,,300000.0,92216.0,EMP0674,Medium,Dubai,-207784.0,False,,30.738666666666663,Pending,Low
PRJ0349,Network Security Overhaul Phase 2 #349,Procurement,In Progress,2023-05-27,,50000.0,51937.0,EMP0815,Medium,Ras Al Khaimah,1937.0,True,,103.874,Active,High
PRJ0350,Carbon Footprint Tracker #350,Sales,In Progress,2022-08-15,,50000.0,42400.0,EMP0391,Medium,Abu Dhabi,-7600.0,False,,84.8,Active,Low
PRJ0351,Recommendation System Phase 3 #351,HR,On Hold,2024-06-15,,300000.0,69907.0,EMP0224,Critical,Abu Dhabi,-230093.0,False,,23.302333333333333,Pending,High
PRJ0352,Vendor Portal Phase 2 #352,Sales,Not Started,,,200000.0,0.0,EMP0569,Critical,Abu Dhabi,-200000.0,False,,0.0,Pending,High
PRJ0353,Knowledge Management Portal - Q1 #353,Digital,In Progress,2022-05-03,,1200000.0,1097483.0,EMP0226,Medium,Sharjah,-102517.0,False,,91.45691666666669,Active,Medium
PRJ0354,Executive Dashboard Phase 3 #354,IT,Completed,2022-01-29,2022-11-27,2000000.0,1278354.0,EMP0517,Medium,Dubai,-721646.0,False,302.0,63.9177,Closed,Low
PRJ0355,Crisis Response System Phase 3 #355,Digital,On Hold,,,600000.0,99701.0,EMP0143,Low,Abu Dhabi,-500299.0,False,,16.616833333333332,Pending,Low
PRJ0356,Document Management System Phase 2 #356,Sustainability,Completed,2022-10-24,2023-02-17,350000.0,361460.0,EMP0605,Medium,Abu Dhabi,11460.0,True,116.0,103.27428571428572,Closed,High
PRJ0357,Energy Optimisation Platform - Q3 #357,Engineering,In Progress,2022-08-08,,200000.0,227853.0,EMP0284,High,Dubai,27853.0,True,,113.9265,Active,High
PRJ0358,Energy Optimisation Platform - Q2 #358,Sustainability,In Progress,2022-02-10,,500000.0,530547.0,EMP0919,High,Dubai,30547.0,True,,106.1094,Active,High
PRJ0359,Smart City Infrastructure Phase 2 #359,IT,In Progress,2023-09-20,,800000.0,600560.0,EMP0950,Medium,Abu Dhabi,-199440.0,False,,75.07000000000001,Active,Low
PRJ0360,Risk Assessment Framework #360,Legal,Completed,2023-02-06,2024-07-05,200000.0,158965.0,EMP0387,Medium,Dubai,-41035.0,False,515.0,79.4825,Closed,Low
PRJ0361,Data Lake Implementation - Q3 #361,Operations,Completed,2025-02-25,2025-05-04,80000.0,52953.0,EMP0148,Medium,Sharjah,-27047.0,False,68.0,66.19125,Closed,Low
PRJ0362,Fleet Management System - Q4 #362,Sustainability,On Hold,,,600000.0,189317.0,EMP0248,High,Abu Dhabi,-410683.0,False,,31.552833333333336,Pending,Medium
PRJ0363,AI Forecasting Engine Phase 3 #363,Engineering,On Hold,2023-10-15,,600000.0,220758.0,EMP0102,Medium,Abu Dhabi,-379242.0,False,,36.793,Pending,Low
PRJ0364,Network Security Overhaul Phase 3 #364,Marketing,Completed,2023-05-09,2023-07-30,1200000.0,1216077.0,EMP0632,Medium,Dubai,16077.0,True,82.0,101.33975,Closed,High
PRJ0365,Recommendation System - Q1 #365,Operations,Completed,2023-11-09,2024-02-28,80000.0,72177.0,EMP0252,Critical,Abu Dhabi,-7823.0,False,111.0,90.22125,Closed,High
PRJ0366,Performance Analytics Phase 3 #366,Digital,Completed,2022-12-03,2023-02-14,80000.0,95073.0,EMP0661,Low,Abu Dhabi,15073.0,True,73.0,118.84125,Closed,High
PRJ0367,Employee Wellness App Phase 2 #367,Procurement,In Progress,2023-01-03,,200000.0,219273.0,EMP0220,Low,Dubai,19273.0,True,,109.6365,Active,High
PRJ0368,Energy Optimisation Platform Phase 2 #368,Marketing,In Progress,2022-08-30,,200000.0,163997.0,EMP0894,Critical,Abu Dhabi,-36003.0,False,,81.99849999999999,Active,High
PRJ0369,Resource Scheduling Tool Phase 2 #369,Procurement,In Progress,2022-11-22,,1200000.0,992222.0,EMP0192,Medium,Dubai,-207778.0,False,,82.68516666666666,Active,Low
PRJ0370,Resource Scheduling Tool #370,Data Science,Completed,2023-03-10,2023-06-15,120000.0,101883.0,EMP0494,Medium,Dubai,-18117.0,False,97.0,84.9025,Closed,Low
PRJ0371,Carbon Footprint Tracker - Q3 #371,IT,Not Started,,,500000.0,0.0,EMP0656,Medium,Abu Dhabi,-500000.0,False,,0.0,Pending,Low
PRJ0372,Employee Wellness App Phase 3 #372,HR,In Progress,2023-03-15,,50000.0,35888.0,EMP0333,Medium,Dubai,-14112.0,False,,71.776,Active,Low
PRJ0373,Internal Audit Digitisation Phase 2 #373,Engineering,In Progress,2024-12-28,,80000.0,74883.0,EMP0444,Critical,Dubai,-5117.0,False,,93.60375,Active,High
PRJ0374,Visual Analytics Suite #374,Sustainability,In Progress,2023-04-20,,120000.0,89314.0,EMP0060,Medium,Dubai,-30686.0,False,,74.42833333333333,Active,Low
PRJ0375,Customer Portal Redesign #375,HR,Completed,2022-07-11,2023-01-19,350000.0,279735.0,EMP0147,High,Abu Dhabi,-70265.0,False,192.0,79.92428571428572,Closed,Medium
PRJ0376,Document Management System Phase 2 #376,Operations,Completed,2022-07-03,2023-05-24,120000.0,116988.0,EMP0079,Medium,Dubai,-3012.0,False,325.0,97.49,Closed,Medium
PRJ0377,Internal Audit Digitisation - Q3 #377,IT,Completed,2023-11-23,2024-02-06,50000.0,52964.0,EMP0927,Low,Dubai,2964.0,True,75.0,105.928,Closed,High
PRJ0378,Data Platform Modernisation #378,HR,In Progress,2022-06-16,,80000.0,81021.0,EMP0563,Critical,Abu Dhabi,1021.0,True,,101.27625,Active,High
PRJ0379,Data Lake Implementation #379,Sales,Completed,2022-02-22,2023-04-26,120000.0,143165.0,EMP0360,Medium,Abu Dhabi,23165.0,True,428.0,119.30416666666666,Closed,High
PRJ0380,Real-time Analytics Engine Phase 3 #380,Finance,In Progress,2025-01-22,,120000.0,115225.0,EMP0674,Medium,Abu Dhabi,-4775.0,False,,96.02083333333331,Active,Medium
PRJ0381,Compliance Monitoring Phase 2 #381,IT,Not Started,,,0.0,0.0,EMP0733,High,Abu Dhabi,0.0,False,,,Pending,Medium
PRJ0382,Tax Automation Platform - Q1 #382,Digital,In Progress,2022-04-11,,50000.0,49861.0,EMP0272,Medium,Dubai,-139.0,False,,99.722,Active,Medium
PRJ0383,Internal Audit Digitisation Phase 3 #383,Sustainability,In Progress,2024-02-13,,80000.0,59318.0,EMP0169,High,Dubai,-20682.0,False,,74.1475,Active,Medium
PRJ0384,Identity Management Upgrade #384,HR,In Progress,2022-12-15,,800000.0,830207.0,EMP0640,High,Dubai,30207.0,True,,103.775875,Active,High
PRJ0385,Supply Chain Automation Phase 2 #385,Operations,Completed,2025-02-17,2025-12-09,500000.0,535956.0,EMP0028,High,Dubai,35956.0,True,295.0,107.1912,Closed,High
PRJ0386,Compliance Monitoring Phase 2 #386,Data Science,In Progress,2022-04-07,,80000.0,89532.0,EMP0284,High,Abu Dhabi,9532.0,True,,111.915,Active,High
PRJ0387,MLOps Platform Phase 3 #387,Sales,Completed,2022-12-30,2023-12-05,1200000.0,1078882.0,EMP0277,Medium,Abu Dhabi,-121118.0,False,340.0,89.90683333333334,Closed,Low
PRJ0388,Geo-spatial Intelligence #388,Legal,In Progress,2022-11-14,,80000.0,54792.0,EMP0447,High,Abu Dhabi,-25208.0,False,,68.49,Active,Medium
PRJ0389,Cloud Migration Phase 1 - Q3 #389,Finance,In Progress,2023-05-13,,800000.0,843110.0,EMP0138,Medium,Dubai,43110.0,True,,105.38875000000002,Active,High
PRJ0390,Compliance Monitoring Phase 2 #390,Data Science,In Progress,2023-05-31,,80000.0,70174.0,EMP0051,High,Abu Dhabi,-9826.0,False,,87.7175,Active,Medium
PRJ0391,Smart Building System Phase 2 #391,HR,On Hold,2023-10-25,,0.0,0.0,EMP0207,Medium,Abu Dhabi,0.0,False,,,Pending,Low
PRJ0392,Resource Scheduling Tool Phase 3 #392,Sustainability,Completed,2023-08-25,2024-01-30,50000.0,50059.0,EMP0545,Medium,Abu Dhabi,59.0,True,158.0,100.118,Closed,High
PRJ0393,Carbon Footprint Tracker #393,Operations,Completed,2024-01-25,2024-07-26,2000000.0,2036887.0,EMP0601,Medium,Ajman,36887.0,True,183.0,101.84435,Closed,High
PRJ0394,Mobile Workforce App - Q2 #394,Marketing,Not Started,,,0.0,0.0,EMP0817,Medium,Abu Dhabi,0.0,False,,,Pending,Low
PRJ0395,Smart Building System Phase 3 #395,Operations,In Progress,2023-03-19,,200000.0,236367.0,EMP0980,Medium,Dubai,36367.0,True,,118.1835,Active,High
PRJ0396,Knowledge Management Portal #396,Legal,Completed,2022-10-17,2024-02-01,80000.0,52322.0,EMP0841,High,Dubai,-27678.0,False,472.0,65.4025,Closed,Medium
PRJ0397,Recommendation System #397,Marketing,On Hold,,,0.0,0.0,EMP0748,High,Dubai,0.0,False,,,Pending,Medium
PRJ0398,Procurement Digitalisation Phase 3 #398,Operations,In Progress,2024-04-12,,50000.0,51700.0,EMP0092,Critical,Dubai,1700.0,True,,103.4,Active,High
PRJ0399,Real-time Analytics Engine Phase 3 #399,Legal,In Progress,2024-10-22,,800000.0,853878.0,EMP0850,Critical,Sharjah,53878.0,True,,106.73475,Active,High
PRJ0400,Smart City Infrastructure Phase 2 #400,Engineering,On Hold,,,0.0,0.0,EMP0382,High,Abu Dhabi,0.0,False,,,Pending,Medium
PRJ0401,Procurement Digitalisation Phase 2 #401,Procurement,Completed,2024-08-25,2025-09-15,1200000.0,909998.0,EMP0320,High,Dubai,-290002.0,False,386.0,75.83316666666666,Closed,Medium
PRJ0402,Recommendation System #402,Marketing,Completed,2024-03-13,2024-11-16,500000.0,340177.0,EMP0065,Low,Dubai,-159823.0,False,248.0,68.0354,Closed,Low
PRJ0403,Network Security Overhaul #403,Sustainability,In Progress,2023-04-19,,800000.0,734346.0,EMP0392,High,Dubai,-65654.0,False,,91.79325,Active,Medium
PRJ0404,Geo-spatial Intelligence Phase 2 #404,IT,Not Started,,,0.0,0.0,EMP0239,High,Dubai,0.0,False,,,Pending,Medium
PRJ0405,Customer Portal Redesign - Q2 #405,Finance,In Progress,2024-05-06,,80000.0,52426.0,EMP0046,High,Sharjah,-27574.0,False,,65.5325,Active,Medium
PRJ0406,Legacy System Decommission - Q2 #406,Procurement,In Progress,2024-01-22,,50000.0,53340.0,EMP0387,Medium,Sharjah,3340.0,True,,106.68,Active,High
PRJ0407,Performance Analytics #407,Sustainability,Completed,2022-08-27,2023-11-12,120000.0,102709.0,EMP0029,Critical,Sharjah,-17291.0,False,442.0,85.59083333333334,Closed,High
PRJ0408,Supply Chain Automation Phase 3 #408,Legal,Completed,2022-07-01,2023-10-22,50000.0,41588.0,EMP0815,Medium,Abu Dhabi,-8412.0,False,478.0,83.176,Closed,Low
PRJ0409,Visual Analytics Suite #409,IT,Completed,2023-06-05,2024-11-05,500000.0,406738.0,EMP0974,Medium,Dubai,-93262.0,False,519.0,81.3476,Closed,Low
PRJ0410,Performance Analytics - Q1 #410,Sales,Not Started,,,500000.0,0.0,EMP0768,Critical,Dubai,-500000.0,False,,0.0,Pending,High
PRJ0411,Compliance Monitoring Phase 3 #411,Procurement,On Hold,,,300000.0,110672.0,EMP0008,High,Ajman,-189328.0,False,,36.89066666666667,Pending,Medium
PRJ0412,IoT Sensor Network Phase 3 #412,Finance,In Progress,2025-01-31,,2000000.0,1363794.0,EMP0058,Medium,Dubai,-636206.0,False,,68.1897,Active,Low
PRJ0413,Master Data Management #413,Data Science,Completed,2024-07-13,2025-08-30,50000.0,48170.0,EMP0059,Medium,Ajman,-1830.0,False,413.0,96.34,Closed,Medium
PRJ0414,API Gateway Modernisation Phase 3 #414,Finance,Completed,2022-02-02,2023-04-03,1200000.0,1434163.0,EMP0679,High,Abu Dhabi,234163.0,True,425.0,119.51358333333332,Closed,High
PRJ0415,Disaster Recovery Setup - Q4 #415,Sales,In Progress,2025-02-05,,1200000.0,784551.0,EMP0605,Medium,Dubai,-415449.0,False,,65.37925,Active,Low
PRJ0416,Asset Tracking System Phase 2 #416,IT,In Progress,2022-07-30,,350000.0,214467.0,EMP0588,Critical,Dubai,-135533.0,False,,61.27628571428572,Active,High
PRJ0417,Regulatory Compliance Tool Phase 2 #417,Data Science,In Progress,2023-04-02,,350000.0,373910.0,EMP0925,Critical,Abu Dhabi,23910.0,True,,106.83142857142856,Active,High
PRJ0418,MLOps Platform - Q1 #418,Marketing,Completed,2025-02-16,2025-12-15,120000.0,100655.0,EMP0128,Medium,Abu Dhabi,-19345.0,False,302.0,83.87916666666668,Closed,Low
PRJ0419,Data Platform Modernisation Phase 2 #419,Procurement,In Progress,2025-02-24,,200000.0,182399.0,EMP0247,Medium,Dubai,-17601.0,False,,91.1995,Active,Medium
PRJ0420,Asset Tracking System Phase 2 #420,Sales,Not Started,,,200000.0,0.0,EMP0985,Low,Abu Dhabi,-200000.0,False,,0.0,Pending,Low
PRJ0421,Contract Lifecycle Management Phase 2 #421,Procurement,Completed,2024-06-08,2025-01-28,50000.0,46477.0,EMP0931,Low,Dubai,-3523.0,False,234.0,92.954,Closed,Medium
PRJ0422,ERP Consolidation - Q2 #422,Sales,In Progress,2025-02-01,,800000.0,754998.0,EMP0393,Medium,Abu Dhabi,-45002.0,False,,94.37475,Active,Medium
PRJ0423,Fleet Management System - Q1 #423,Legal,In Progress,2022-10-26,,200000.0,216867.0,EMP0360,High,Ajman,16867.0,True,,108.4335,Active,High
PRJ0424,Geo-spatial Intelligence Phase 3 #424,Operations,Completed,2024-03-27,2025-02-27,120000.0,89323.0,EMP0942,High,Dubai,-30677.0,False,337.0,74.43583333333333,Closed,Medium
PRJ0425,Carbon Footprint Tracker #425,IT,Completed,2023-04-04,2023-06-03,50000.0,50031.0,EMP0599,Medium,Abu Dhabi,31.0,True,60.0,100.062,Closed,High
PRJ0426,Vendor Portal #426,Data Science,Not Started,,,500000.0,0.0,EMP0224,Low,Dubai,-500000.0,False,,0.0,Pending,Low
PRJ0427,Master Data Management #427,Engineering,On Hold,2023-02-27,,300000.0,37209.0,EMP0746,High,Sharjah,-262791.0,False,,12.403,Pending,Medium
PRJ0428,Identity Management Upgrade - Q1 #428,Legal,Completed,2024-12-04,2025-05-13,1200000.0,1182292.0,EMP0742,Low,Dubai,-17708.0,False,160.0,98.52433333333332,Closed,Medium
PRJ0429,Predictive Maintenance Phase 3 #429,Engineering,Not Started,,,500000.0,0.0,EMP0318,Medium,Abu Dhabi,-500000.0,False,,0.0,Pending,Low
PRJ0430,Crisis Response System - Q2 #430,Legal,Completed,2022-10-08,2023-06-01,50000.0,46663.0,EMP0102,High,Dubai,-3337.0,False,236.0,93.326,Closed,Medium
PRJ0431,Smart Building System - Q4 #431,Engineering,On Hold,2024-09-08,,0.0,0.0,EMP0916,High,Abu Dhabi,0.0,False,,,Pending,Medium
PRJ0432,Compliance Monitoring #432,Operations,In Progress,2024-07-18,,200000.0,130702.0,EMP0142,Critical,Abu Dhabi,-69298.0,False,,65.351,Active,High
PRJ0433,Sentiment Analysis Engine Phase 2 #433,HR,On Hold,2024-04-23,,0.0,0.0,EMP0538,Low,Dubai,0.0,False,,,Pending,Low
PRJ0434,Cloud Migration Phase 1 #434,Marketing,In Progress,2024-02-17,,80000.0,58505.0,EMP0474,Medium,Dubai,-21495.0,False,,73.13125000000001,Active,Low
PRJ0435,Energy Optimisation Platform Phase 2 #435,Digital,Completed,2023-12-08,2024-08-16,80000.0,57138.0,EMP0513,Low,Dubai,-22862.0,False,252.0,71.4225,Closed,Low
PRJ0436,Legacy System Decommission Phase 3 #436,Marketing,In Progress,2022-12-12,,500000.0,314335.0,EMP0444,Medium,Abu Dhabi,-185665.0,False,,62.867,Active,Low
PRJ0437,AI Forecasting Engine Phase 3 #437,Finance,On Hold,,,150000.0,45692.0,EMP0989,Low,Dubai,-104308.0,False,,30.461333333333336,Pending,Low
PRJ0438,AI Forecasting Engine - Q2 #438,Procurement,Completed,2024-11-17,2025-04-13,120000.0,77412.0,EMP0990,Medium,Abu Dhabi,-42588.0,False,147.0,64.51,Closed,Low
PRJ0439,Document Management System #439,Sales,In Progress,2024-11-29,,800000.0,562377.0,EMP0635,Medium,Dubai,-237623.0,False,,70.29712500000001,Active,Low
PRJ0440,Recommendation System Phase 2 #440,Legal,Not Started,,,0.0,0.0,EMP0980,Medium,Sharjah,0.0,False,,,Pending,Low
PRJ0441,Real-time Analytics Engine Phase 3 #441,Legal,In Progress,2023-04-14,,1200000.0,1411032.0,EMP0034,Medium,Dubai,211032.0,True,,117.58599999999998,Active,High
PRJ0442,Data Lake Implementation - Q4 #442,Sales,On Hold,,,600000.0,186020.0,EMP0451,Critical,Dubai,-413980.0,False,,31.00333333333333,Pending,High
PRJ0443,Risk Assessment Framework #443,HR,Completed,2024-02-10,2025-01-11,120000.0,78073.0,EMP0997,Medium,Abu Dhabi,-41927.0,False,336.0,65.06083333333333,Closed,Low
PRJ0444,ERP Consolidation Phase 2 #444,Data Science,On Hold,2024-11-06,,300000.0,31334.0,EMP0382,Medium,Abu Dhabi,-268666.0,False,,10.444666666666668,Pending,Low
PRJ0445,AI Forecasting Engine - Q3 #445,Marketing,In Progress,2022-05-30,,2000000.0,1981562.0,EMP0195,Low,Dubai,-18438.0,False,,99.0781,Active,Medium
PRJ0446,Identity Management Upgrade - Q4 #446,Marketing,On Hold,2024-07-01,,300000.0,51169.0,EMP0736,High,Abu Dhabi,-248831.0,False,,17.056333333333335,Pending,Medium
PRJ0447,Data Lake Implementation Phase 2 #447,IT,Not Started,,,0.0,0.0,EMP0379,High,Ras Al Khaimah,0.0,False,,,Pending,Medium
PRJ0448,Quality Assurance Automation - Q2 #448,Procurement,Completed,2023-05-29,2024-04-12,350000.0,346157.0,EMP0337,Critical,Abu Dhabi,-3843.0,False,319.0,98.902,Closed,High
PRJ0449,Visual Analytics Suite #449,Finance,In Progress,2025-01-22,,2000000.0,1749462.0,EMP0962,High,Abu Dhabi,-250538.0,False,,87.4731,Active,Medium
PRJ0450,Predictive Healthcare #450,HR,On Hold,,,600000.0,140564.0,EMP0557,Medium,Dubai,-459436.0,False,,23.427333333333333,Pending,Low
PRJ0451,Energy Optimisation Platform #451,Marketing,Completed,2024-02-19,2025-05-23,80000.0,94249.0,EMP0070,High,Dubai,14249.0,True,459.0,117.81125,Closed,High
PRJ0452,Citizen Services Portal - Q4 #452,Legal,Completed,2024-06-12,2025-04-26,1200000.0,1237348.0,EMP0174,High,Abu Dhabi,37348.0,True,318.0,103.11233333333334,Closed,High
PRJ0453,Compliance Monitoring - Q2 #453,Procurement,In Progress,2024-12-25,,500000.0,504468.0,EMP0002,Medium,Abu Dhabi,4468.0,True,,100.8936,Active,High
PRJ0454,Smart Building System Phase 3 #454,Engineering,Completed,2022-03-03,2023-04-06,500000.0,526670.0,EMP0440,Medium,Dubai,26670.0,True,399.0,105.334,Closed,High
PRJ0455,Resource Scheduling Tool #455,Engineering,Completed,2022-12-10,2023-07-01,2000000.0,1411088.0,EMP0884,Medium,Abu Dhabi,-588912.0,False,203.0,70.5544,Closed,Low
PRJ0456,Knowledge Management Portal - Q2 #456,Digital,Completed,2023-02-06,2023-06-17,500000.0,547940.0,EMP0725,Medium,Dubai,47940.0,True,131.0,109.588,Closed,High
PRJ0457,Smart Building System Phase 3 #457,Legal,Not Started,,,0.0,0.0,EMP0215,Medium,Sharjah,0.0,False,,,Pending,Low
PRJ0458,Workflow Automation Phase 3 #458,Legal,In Progress,2022-06-13,,500000.0,355980.0,EMP0899,Medium,Ajman,-144020.0,False,,71.196,Active,Low
PRJ0459,Tax Automation Platform Phase 3 #459,Legal,In Progress,2022-12-18,,800000.0,934111.0,EMP0248,Critical,Abu Dhabi,134111.0,True,,116.763875,Active,High
PRJ0460,Compliance Monitoring #460,Operations,Not Started,,,100000.0,0.0,EMP0646,High,Abu Dhabi,-100000.0,False,,0.0,Pending,Medium
PRJ0461,Data Platform Modernisation Phase 3 #461,Legal,On Hold,2023-01-17,,300000.0,98038.0,EMP0921,High,Dubai,-201962.0,False,,32.67933333333333,Pending,Medium
PRJ0462,Predictive Maintenance Phase 2 #462,Finance,Completed,2022-09-03,2024-01-25,2000000.0,2189194.0,EMP0085,Critical,Abu Dhabi,189194.0,True,509.0,109.4597,Closed,High
PRJ0463,Tax Automation Platform Phase 2 #463,Engineering,In Progress,2023-11-15,,200000.0,152296.0,EMP0050,Low,Abu Dhabi,-47704.0,False,,76.14800000000001,Active,Low
PRJ0464,Risk Assessment Framework #464,HR,In Progress,2022-08-09,,500000.0,548279.0,EMP0224,Low,Dubai,48279.0,True,,109.6558,Active,High
PRJ0465,Asset Tracking System - Q2 #465,Digital,Completed,2024-12-10,2025-03-29,200000.0,215856.0,EMP0513,Critical,Abu Dhabi,15856.0,True,109.0,107.928,Closed,High
PRJ0466,Master Data Management Phase 2 #466,Procurement,Not Started,,,200000.0,0.0,EMP0919,High,Abu Dhabi,-200000.0,False,,0.0,Pending,Medium
PRJ0467,ERP Consolidation - Q2 #467,Legal,Completed,2022-09-07,2023-10-28,2000000.0,1767465.0,EMP0066,High,Dubai,-232535.0,False,416.0,88.37325,Closed,Medium
PRJ0468,Geo-spatial Intelligence #468,Finance,Completed,2023-04-27,2024-08-31,2000000.0,1832139.0,EMP0915,Medium,Abu Dhabi,-167861.0,False,492.0,91.60695,Closed,Medium
PRJ0469,Procurement Digitalisation - Q3 #469,Legal,In Progress,2023-10-27,,2000000.0,1698615.0,EMP0891,Medium,Abu Dhabi,-301385.0,False,,84.93075,Active,Low
PRJ0470,Customer Feedback Platform Phase 2 #470,Digital,Completed,2024-11-10,2025-06-30,350000.0,323683.0,EMP0390,High,Abu Dhabi,-26317.0,False,232.0,92.48085714285716,Closed,Medium
PRJ0471,Asset Tracking System Phase 3 #471,IT,Completed,2023-09-16,2024-09-24,80000.0,94446.0,EMP0965,High,Ajman,14446.0,True,374.0,118.0575,Closed,High
PRJ0472,Data Platform Modernisation #472,Engineering,In Progress,2023-09-21,,500000.0,491749.0,EMP0682,High,Abu Dhabi,-8251.0,False,,98.3498,Active,Medium
PRJ0473,Digital Payments Integration #473,HR,Not Started,,,0.0,0.0,EMP0008,Medium,Dubai,0.0,False,,,Pending,Low
PRJ0474,Compliance Monitoring - Q2 #474,Sustainability,Completed,2022-07-25,2023-02-15,350000.0,269716.0,EMP0603,Medium,Abu Dhabi,-80284.0,False,205.0,77.06171428571429,Closed,Low
PRJ0475,API Gateway Modernisation Phase 2 #475,Digital,On Hold,2023-08-16,,600000.0,140820.0,EMP0759,High,Dubai,-459180.0,False,,23.47,Pending,Medium
PRJ0476,Legacy System Decommission Phase 2 #476,Procurement,In Progress,2024-01-21,,2000000.0,2381747.0,EMP0832,Medium,Abu Dhabi,381747.0,True,,119.08735,Active,High
PRJ0477,Fleet Management System Phase 2 #477,IT,Completed,2022-08-05,2023-10-16,120000.0,85710.0,EMP0070,Low,Dubai,-34290.0,False,437.0,71.42500000000001,Closed,Low
PRJ0478,Predictive Healthcare Phase 3 #478,Marketing,In Progress,2024-02-12,,50000.0,56564.0,EMP0603,Medium,Abu Dhabi,6564.0,True,,113.128,Active,High
PRJ0479,Cloud Migration Phase 1 - Q2 #479,HR,In Progress,2022-12-05,,1200000.0,1010898.0,EMP0833,Low,Dubai,-189102.0,False,,84.2415,Active,Low
PRJ0480,Employee Wellness App - Q3 #480,Digital,In Progress,2024-01-14,,2000000.0,1953281.0,EMP0564,Low,Abu Dhabi,-46719.0,False,,97.66405,Active,Medium
PRJ0481,Workflow Automation Phase 3 #481,IT,Completed,2024-11-12,2026-03-05,1200000.0,995337.0,EMP0787,High,Dubai,-204663.0,False,478.0,82.94475,Closed,Medium
PRJ0482,Risk Assessment Framework Phase 2 #482,Procurement,Completed,2022-09-05,2023-09-30,1200000.0,846395.0,EMP0529,High,Abu Dhabi,-353605.0,False,390.0,70.53291666666667,Closed,Medium
PRJ0483,Sentiment Analysis Engine Phase 2 #483,Engineering,In Progress,2022-12-20,,120000.0,113518.0,EMP0656,Critical,Abu Dhabi,-6482.0,False,,94.59833333333331,Active,High
PRJ0484,Contract Lifecycle Management #484,Procurement,Completed,2023-11-01,2024-12-01,80000.0,78737.0,EMP0259,High,Abu Dhabi,-1263.0,False,396.0,98.42125,Closed,Medium
PRJ0485,Cloud Migration Phase 1 Phase 3 #485,Procurement,On Hold,2024-07-07,,150000.0,29409.0,EMP0349,Medium,Abu Dhabi,-120591.0,False,,19.606,Pending,Low
PRJ0486,Recommendation System - Q4 #486,Operations,In Progress,2024-03-16,,350000.0,261898.0,EMP0030,High,Abu Dhabi,-88102.0,False,,74.82799999999999,Active,Medium
PRJ0487,Knowledge Management Portal #487,IT,Not Started,,,500000.0,0.0,EMP0496,Low,Dubai,-500000.0,False,,0.0,Pending,Low
PRJ0488,Crisis Response System Phase 2 #488,Engineering,In Progress,2024-08-17,,2000000.0,2292796.0,EMP0850,Low,Dubai,292796.0,True,,114.6398,Active,High
PRJ0489,Identity Management Upgrade Phase 2 #489,IT,In Progress,2022-07-21,,120000.0,129112.0,EMP0445,High,Dubai,9112.0,True,,107.59333333333332,Active,High
PRJ0490,Supply Chain Automation Phase 2 #490,Engineering,Not Started,,,0.0,0.0,EMP0641,Medium,Dubai,0.0,False,,,Pending,Low
PRJ0491,Resource Scheduling Tool - Q4 #491,HR,Completed,2024-02-02,2025-03-09,2000000.0,1628837.0,EMP0261,High,Abu Dhabi,-371163.0,False,401.0,81.44185,Closed,Medium
PRJ0492,Supply Chain Automation Phase 2 #492,Engineering,In Progress,2023-09-11,,200000.0,230705.0,EMP0771,Low,Dubai,30705.0,True,,115.3525,Active,High
PRJ0493,Workflow Automation #493,Digital,In Progress,2022-11-30,,200000.0,224640.0,EMP0661,Critical,Sharjah,24640.0,True,,112.32,Active,High
PRJ0494,Data Platform Modernisation Phase 2 #494,Procurement,On Hold,2024-11-10,,0.0,0.0,EMP0102,Medium,Dubai,0.0,False,,,Pending,Low
PRJ0495,Predictive Healthcare #495,Marketing,Not Started,,,500000.0,0.0,EMP0464,Critical,Abu Dhabi,-500000.0,False,,0.0,Pending,High
PRJ0496,Resource Scheduling Tool #496,Marketing,On Hold,,,0.0,0.0,EMP0749,Medium,Abu Dhabi,0.0,False,,,Pending,Low
PRJ0497,Fleet Management System #497,Sales,On Hold,2024-02-24,,600000.0,195478.0,EMP0149,Low,Dubai,-404522.0,False,,32.57966666666667,Pending,Low
PRJ0498,Visual Analytics Suite #498,Data Science,Completed,2022-08-03,2022-12-07,120000.0,75013.0,EMP0731,High,Abu Dhabi,-44987.0,False,126.0,62.51083333333334,Closed,Medium
PRJ0499,Recommendation System - Q3 #499,Operations,In Progress,2023-03-15,,50000.0,38808.0,EMP0212,Medium,Abu Dhabi,-11192.0,False,,77.616,Active,Low
PRJ0500,Data Lake Implementation Phase 2 #500,Digital,Completed,2023-09-10,2024-12-10,2000000.0,1324355.0,EMP0914,High,Abu Dhabi,-675645.0,False,457.0,66.21775,Closed,Medium
